FIPS,Area (Land),Area (Water),Total_Population,Percent_Pov
Geo_FIPS,Geo_AREALAND,Geo_AREAWATR,SE_A00001_001,PCT_SE_A13002_002
09110400101,11374703,168925,2833,4.07
09110400102,8210788,229073,4298,6.67
09110400200,32961529,937785,6198,0
09110400300,15600303,409091,6881,3.81
09110415300,541180,0,2399,26.07
09110415400,2686140,0,5536,10.34
09110415500,1136293,0,2878,21.26
09110415600,1270379,0,4220,18.25
09110415700,1273956,35674,3277,8.24
09110415800,1375333,0,2903,28.92
09110415900,651125,0,1475,10
09110416000,812079,0,4679,24.84
09110416100,896459,0,4618,13.18
09110416200,555678,0,2786,24.58
09110416300,1830592,0,4161,18.5
09110416400,4479730,19980,3346,1.1
09110416500,3104118,0,4621,10.76
09110416600,1598492,0,2961,27.6
09110416700,2626365,0,7015,12.37
09110416800,1192733,0,3849,9.73
09110417100,1168124,0,1728,41.74
09110417200,616008,0,1511,4.22
09110417300,576659,0,1642,
09110417400,2735371,46990,3130,2.21
09110417500,3567470,84740,4566,3.94
09110420400,5689449,45167,3111,4.05
09110420500,4778095,0,5207,2.14
09110420601,1548470,4297,2331,21.82
09110420602,3955379,138026,3440,3.15
09110420700,9168405,4369,3379,1.89
09110430100,3408262,0,4148,6.02
09110430201,6378472,0,3366,0
09110430202,16291943,1424290,4582,0
09110430203,5147024,30961,3956,1.43
09110430301,9302188,63467,4018,2.88
09110430302,4552528,19886,2578,0
09110430400,9973390,24419,5148,11.47
09110430501,1447346,0,1554,0
09110430502,11073013,64832,5422,0
09110430602,3422664,0,3567,0
09110430603,3316362,0,1931,5.54
09110430604,18600609,306195,3305,0
09110460100,9879911,629579,3035,1.52
09110460202,20190010,153041,4811,0
09110460203,11951170,1034715,3782,1.31
09110460204,17072928,131112,5883,6.82
09110460301,7501112,167040,5259,4.51
09110460302,5670457,155793,3915,0.72
09110462101,10735588,122210,6278,2.94
09110462102,11381844,307053,4345,0
09110462201,22009143,382431,5534,4.51
09110462202,15856012,307169,2699,3.45
09110464101,52828108,50838,5437,2.19
09110464102,10848403,1086829,4671,0
09110466101,18479172,94008,5939,1.81
09110466102,11563563,29770,5390,1.78
09110466201,8429884,119753,2502,14.31
09110466202,23091462,41880,3962,2.17
09110466300,10488932,235396,4692,1.1
09110466400,15830305,430939,2262,1.42
09110468101,85313993,248525,6981,0.77
09110468102,20183713,102834,4039,0.93
09110470100,43079693,261880,5214,0
09110471100,2734068,0,3414,3.36
09110471200,5811118,0,3193,1.64
09110471300,8818468,15251,4933,4.17
09110471400,33448072,373023,5932,7.69
09110471500,16750537,42414,4075,0
09110473100,10598408,0,6246,1.08
09110473400,2329556,29953,1840,15.26
09110473501,24830346,1240362,4923,1.64
09110473502,13941196,130592,3395,6.6
09110473601,12483062,1215354,3281,2.26
09110473602,3227130,80773,2409,7.33
09110473700,7202666,878735,5526,1.57
09110473800,1830834,173905,1747,3.52
09110476100,6353713,884319,4816,1.39
09110476200,3985821,0,2586,12.28
09110476300,9198687,0,5153,13.31
09110477101,45196855,32236,4293,0.5
09110477103,11496413,873825,4170,5.57
09110477104,16158686,699458,4060,0
09110477200,36070570,132560,3113,0
09110480300,2936322,0,2047,6.3
09110480400,4204157,0,3719,4.26
09110480500,3654218,338685,3138,1.48
09110480600,1745994,428578,4140,19.53
09110480700,2347045,358555,2142,6.08
09110480800,13156527,7780,4214,1.45
09110480900,5842613,0,2564,3.92
09110481000,19441820,15152,3660,4.4
09110481100,5747597,0,3704,1.2
09110481200,6136531,380121,3844,10.58
09110481300,7834460,676078,2891,2.56
09110484100,33516493,1297022,5399,1.31
09110484200,34472509,169589,5758,8.03
09110487100,18194263,29750,7048,1.25
09110487201,7338156,1414,4683,3.67
09110487202,5718114,12416,3383,0
09110487300,16154476,1368241,1492,0
09110487400,13307944,74529,2744,3.17
09110487500,11955329,85933,7470,5.53
09110490100,11165097,952432,5554,0
09110490303,4233390,0,4016,0
09110490304,7896211,0,4405,1.03
09110492100,8886578,1866392,3651,0.91
09110492200,2703223,0,4202,0.17
09110492300,5448308,35432,6121,12.24
09110492400,3008123,3059,2950,2.96
09110492500,3223856,0,3573,2.29
09110492600,8592444,166515,6683,1.56
09110494100,5044537,0,6300,15.96
09110494201,6056904,0,4659,1.22
09110494202,2490307,0,2844,0
09110494300,5139139,0,4031,5.99
09110494400,4333137,0,4575,7.24
09110494500,5166312,0,4727,4.06
09110494600,5803762,0,3415,3.42
09110496100,3163598,0,2651,23.05
09110496200,2745056,0,4969,2.3
09110496300,2125872,0,3651,5.12
09110496400,2858536,0,2973,0.93
09110496500,1366986,0,2879,0
09110496600,3221755,246578,2740,0
09110496700,1327889,0,3795,6.55
09110496800,1410493,0,3395,7.52
09110496900,2142871,0,6211,2.02
09110497000,2407403,0,4330,0
09110497100,1340638,0,4097,4.25
09110497200,1798314,0,2330,0.63
09110497300,5311033,1328,5069,0
09110497400,4056597,6237,4014,0.61
09110497500,3828604,10090,4043,1.67
09110497600,1791701,0,2319,1.38
09110497700,15662803,832288,4343,0
09110500100,403498,0,2978,41.61
09110500200,389395,0,1631,24.63
09110500300,531518,0,1993,33.52
09110500400,948719,0,1663,20.81
09110500500,282625,0,1320,16.52
09110500900,503990,0,1973,40.9
09110501200,731974,0,2541,45.35
09110501300,262251,0,1807,34.58
09110501400,370001,0,2141,14.11
09110501500,1789690,13593,3547,35.94
09110501700,297599,0,1849,49.28
09110501800,512933,0,2640,40.81
09110502100,2238024,316993,3113,10.37
09110502300,1726136,11391,5476,12.57
09110502400,733061,0,6729,21.27
09110502500,5416253,343915,1850,31.28
09110502600,546761,0,3637,17.82
09110502700,1011637,0,4860,25.5
09110502800,472294,0,3027,22.95
09110502900,802325,0,2634,9.22
09110503000,484878,0,2964,33.57
09110503101,312268,0,1551,4.78
09110503102,393557,0,2187,25.72
09110503300,274891,0,2640,2.94
09110503500,223439,0,1546,22.96
09110503700,607129,0,2631,35.97
09110503800,1838651,10746,2497,25.81
09110503900,1674647,0,4551,6.69
09110504000,1062805,0,3390,4.11
09110504100,286070,0,1541,47.78
09110504200,1168181,0,5196,21.05
09110504300,727281,0,2173,16.43
09110504500,772018,0,3654,26.81
09110504800,1491762,10384,4340,15.48
09110504900,1556383,0,4391,18.11
09110510100,3245773,507182,1962,0
09110510200,2904213,309925,2115,13.4
09110510300,2388033,0,4119,12.22
09110510400,2702880,87828,5794,20.41
09110510500,3628284,18483,3059,0.8
09110510600,7020639,283703,4936,20.16
09110510700,3261994,0,4503,12.31
09110510800,2760820,579025,3382,7.92
09110510900,3226464,0,3785,8.19
09110511000,3361298,0,3593,1.64
09110511100,4134970,16533,3593,4.62
09110511200,1899377,59668,3582,15.08
09110511300,1752636,41808,3990,22.31
09110511400,4350933,0,2385,6.43
09110514101,4398552,15049,3148,6.98
09110514103,8497242,0,4666,3.51
09110514104,4188625,37464,3517,6.57
09110514200,3602504,201934,3251,8.68
09110514300,2192485,0,4340,2.46
09110514400,2423902,23757,4979,9.59
09110514500,2721630,0,4420,5.33
09110514600,2144936,0,5119,15.64
09110514700,1383464,0,5117,8.03
09110514800,1377342,0,3286,30.7
09110514900,3546060,22405,2990,1.37
09110515000,5819653,103011,3020,0
09110515101,2869203,0,2536,3.28
09110515102,14425579,106416,5683,10.28
09110515200,11431947,159903,3401,2.37
09110520100,14545605,61531,5676,0
09110520201,30630369,169127,3763,0.73
09110520202,35226588,209633,4350,1.84
09110520301,7401559,0,4673,3.22
09110520302,8080988,527685,4335,3.46
09110520400,18152799,857996,7847,0.89
09110520501,18720481,550038,4492,1.95
09110524100,60479198,444481,6106,6.25
09110524200,11573262,44907,6749,6.02
09110524300,13245555,243879,5037,0.8
09110524400,2748770,0,3651,12.3
09110524501,505955,0,3574,6.17
09110524502,1705657,0,2197,5.77
09110524600,1284877,0,3115,12.84
09110524700,1786340,0,3832,14.64
09110526101,43168815,477283,4088,2.33
09110526102,52388802,427663,5021,1.07
09110528100,40012484,635900,3148,0
09110529100,37314555,766251,4848,6.86
09110530100,2446479,142113,2233,9.86
09110530200,3202682,0,6502,18.71
09110530301,4528721,0,5022,6.52
09110530302,8165191,0,6507,2.72
09110530400,4463197,19436,4004,6.61
09110530500,6408808,54521,3475,8.5
09110530600,16672149,772475,2634,0
09110533102,36307158,151626,5582,3.79
09110533103,28150710,1422781,4475,6.36
09110533104,38175646,55804,4499,0
09110535101,18977336,23779,5813,1.15
09110535102,25981033,1848,4480,15.21
09110535200,43206583,1355239,6407,1.94
09110538100,1637915,0,1078,
09110538201,38651100,216049,5055,0.62
09110538202,33412147,87978,4031,0.72
09110840100,86230085,582494,5563,4.62
09110850100,49745926,47320,5848,1.69
09110850200,47562093,1697140,6419,4.84
09110860100,55355052,1587988,5268,0.49
09110881100,57881356,2261829,4415,0.65
09110881200,2273066,28584,7944,0
09110881300,23672163,171344,4811,13.51
09110881500,31779294,178962,5284,7.35
09110890100,8850574,40014,3719,6.08
09110890202,93259177,698992,4996,1.83
09110890204,48207064,1129952,2747,3.45
09110980001,2363607,0,0,
09110980002,3833412,0,0,
09110980003,602790,0,0,
09110980100,4136404,1044531,940,
09120060100,3837602,0,3995,1.41
09120060200,4201169,11817,4479,3.74
09120060300,11682704,1050712,4251,2.25
09120060400,22385495,0,5098,0.55
09120060500,5608990,17867,3156,1.39
09120060600,2941270,406934,2089,5.02
09120060700,5305269,46781,7987,1.69
09120060800,1423922,0,2265,4.03
09120060900,1496123,0,2680,0.69
09120061000,3329661,0,4189,6.33
09120061100,2707147,0,3850,0
09120061200,790582,0,2270,3.62
09120061300,1250954,0,2973,1.92
09120061400,1615561,0,3196,6.72
09120061500,3641728,540635,4823,0.45
09120061600,5229605,1752515,5207,9
09120070100,1692879,744658,6732,0
09120070200,843488,59847,4419,20.19
09120070300,1074850,214804,1277,31.91
09120070400,1742609,4461228,1926,9.09
09120070500,382635,0,1945,45.22
09120070600,1781953,365174,2697,14.99
09120070900,442261,0,2394,53.75
09120071000,1147984,0,2669,12.58
09120071100,662760,0,4278,20.25
09120071200,556437,0,5589,33.63
09120071300,309935,0,2635,7.89
09120071400,584774,0,4409,32.13
09120071600,172310,0,2309,36.11
09120071900,494024,0,4678,10.46
09120072000,687910,0,3691,18.38
09120072100,1296158,0,7005,10.05
09120072200,901411,0,4439,10.72
09120072300,917854,0,5627,12.26
09120072400,683636,0,3496,5.2
09120072500,1445637,0,6336,13.01
09120072600,3020530,3299,9045,10.62
09120072700,1796460,281360,4206,9.68
09120072800,1497269,0,4693,17.55
09120072900,2321220,134940,4739,11.99
09120073000,1201081,0,1887,0
09120073100,2887276,22088,4877,9.78
09120073200,877230,0,3999,25.53
09120073300,502620,0,3222,14.56
09120073400,1241390,20085,3183,23.09
09120073500,444174,17207,3098,25.71
09120073600,269194,0,2139,24.75
09120073700,881822,4891,4410,25.88
09120073800,527984,5532,1907,38.99
09120073900,510134,34332,3280,22.67
09120074000,944567,287380,2044,19.39
09120074300,1372825,80504,3987,33.96
09120074400,1951522,1929317,4326,20.76
09120080100,1198442,0,4664,9.58
09120080200,1338468,2977,3546,13.7
09120080400,3649098,98374,4451,3.49
09120080500,8345990,3881238,3795,5.98
09120080600,1707445,594288,2833,11.01
09120080700,1750427,283029,1952,2.26
09120080800,3268077,629719,5104,2.04
09120080900,1848471,0,5084,2.93
09120081000,2795938,0,4681,3.1
09120081100,3366225,0,4745,2.38
09120081200,6000772,435905,6146,1.98
09120081300,9979288,384421,5402,3.03
09120090100,8551041,87362,3008,2.85
09120090200,9739615,257766,8234,4.2
09120090300,4764507,0,4554,5.64
09120090400,7347827,0,6891,3.87
09120090500,8916506,35371,5111,3.25
09120090600,8077308,235157,3504,0
09120090700,12819470,7898,5626,5.74
09120100100,21959638,26341,5466,2.87
09120100200,16376641,66768,6637,2.93
09120100300,29186165,417988,6730,0.98
09120105100,31856125,1290889,4057,0
09120105200,39169961,1941105,3555,9.23
09120257200,1537836,39122,4419,26.69
09120990000,0,230554513,0,
09130541100,1560653,126325,2144,14.06
09130541200,8848906,160514,5463,1
09130541301,1065043,0,1864,15.71
09130541302,1090277,0,3773,7.66
09130541401,22388715,185298,3350,2.25
09130541402,8009316,117558,5690,6.64
09130541500,1223466,914,3330,3.03
09130541600,676257,200773,1368,26.3
09130541700,1859404,134564,3684,26.32
09130542000,4055346,46026,4831,8.22
09130542100,4876226,105245,4025,10.1
09130542200,3806501,7061,1692,0
09130550100,32757816,2145839,6017,7.37
09130550201,32077115,0,3997,0
09130550202,27500688,1081821,2820,0
09130560100,54709142,2797188,5895,0.71
09130560200,5767184,1099114,3526,4.78
09130570100,10147045,57727,5178,1.65
09130570200,6431331,18619,3370,5.31
09130570300,15672804,1214999,5753,1.91
09130580100,32759592,1581755,4236,1.18
09130585100,61276966,395266,7182,1.52
09130590101,53429271,5442244,3825,2.11
09130590102,60366785,632142,4737,2.97
09130595101,88816450,2206060,3472,5.58
09130595102,51699559,3827724,5462,1.51
09130600100,41573119,2010913,3786,6.98
09130610100,5273485,2536626,2179,10.66
09130610200,8192788,4470427,3656,3.3
09130610300,16435816,223402,4250,1.35
09130610400,12073364,52873,3232,1.52
09130620100,35001764,1684245,4432,2.37
09130630101,16730087,345298,4041,1.37
09130630102,10212089,3418887,2725,0
09130640100,91506573,1170681,6219,0.65
09130650100,82353554,6919728,2356,2.06
09130660101,29356011,6721978,3386,1.94
09130660103,20531283,315132,2752,0.96
09130660104,9717710,8002167,1506,1.94
09130670100,25188555,4830189,5030,3.55
09130670200,13814587,12084886,5485,2.83
09130680101,30040880,604541,2922,2.49
09130680102,10803050,14350388,3910,2.1
09130680200,46775743,2403946,6432,7.26
09130990100,0,145359959,0,
09140110100,787597,87527,3521,6.97
09140110201,3233210,397179,5322,5.41
09140110202,10303622,558984,5003,3.36
09140110301,10336294,86122,6269,5.13
09140110302,7856027,1443071,3195,4.78
09140110400,10838548,37032,5084,4.39
09140110500,13074934,74156,5166,1.07
09140110601,12597022,3411,2642,2.96
09140110602,10307728,605373,5200,0.94
09140120100,6215546,363897,6426,5.3
09140120200,6878579,542471,5933,2.46
09140125100,4155903,17738,4237,6.9
09140125200,6249812,111626,5843,8.3
09140125300,3245123,111625,5105,4.27
09140125400,1937770,194211,3766,7.21
09140130101,8614739,95472,5110,7.28
09140130102,7464338,419365,3516,3.17
09140130201,13489819,497091,3896,3.24
09140130202,8032026,177924,4277,1.69
09140341100,25055586,301401,6089,3.8
09140342100,50181137,740227,3398,0.96
09140343101,16786298,0,5127,1.3
09140343102,11257182,1159728,4179,0.62
09140343200,22367984,35360,5930,1.25
09140343300,19600057,40439,6474,2.62
09140343400,15034068,18802,7142,3.31
09140344100,21431289,125103,4697,4.95
09140344200,24557222,1659957,3039,2.01
09140345100,8733918,133101,6484,2.44
09140345201,8639895,67828,7675,7.09
09140345202,4896144,8358,3850,1.32
09140345300,13205041,0,6555,2.83
09140345400,6960046,37266,7070,2.73
09140346101,36321510,758418,6875,0
09140346102,48488146,766788,5995,2.37
09140347100,20707979,48569,5710,0
09140347200,16073464,578146,3704,3.07
09140348111,34914933,1921870,2450,0.77
09140348122,20065075,0,4271,0
09140348123,27816417,626657,6054,0
09140348124,8124729,93812,2425,0
09140348125,10102238,100961,4773,0
09140349100,21900021,362870,5277,0
09140349200,9150021,198878,2199,0
09140350101,1175805,0,4410,27.92
09140350200,678678,0,3876,56.34
09140350300,447313,1964,2237,20.97
09140350400,424642,0,2735,29.47
09140350500,781540,0,2836,57.56
09140350800,1067270,0,5679,28.06
09140350900,761546,0,2367,15.78
09140351000,1789925,19789,4314,6.64
09140351100,4039359,273592,4867,19.58
09140351200,1923625,8997,3852,39.29
09140351300,2296209,5632,5068,8.75
09140351400,1127600,0,4759,15.42
09140351500,2803887,51450,4862,15.53
09140351601,1153151,0,3479,2.97
09140351602,3682071,0,6226,13.69
09140351700,654165,0,2771,26.27
09140351800,3670335,138454,4156,3.86
09140351900,6943395,151596,2546,1.57
09140352000,5530410,0,4875,6.23
09140352100,1712572,0,4259,15.22
09140352200,2106150,0,2721,31.91
09140352300,6499107,195029,2807,33.89
09140352400,4419962,6577,3657,16.06
09140352500,3297841,59513,3753,27.13
09140352600,2337814,0,5265,10.6
09140352701,2954318,0,3466,17.65
09140352702,2874849,28828,5912,17.23
09140352800,6807663,152160,6601,31.13
09140360100,9356037,31294,5555,9.61
09140360200,54691517,1155588,7453,3.89
09140360300,5692122,64803,3315,2.75
09140360400,5399334,53284,5848,1.27
09140361100,24533309,1219335,6599,1.41
09140361200,9660030,280813,5384,0.4
09140361300,18607368,262793,4209,1.75
09140362101,25911010,297555,4097,4.88
09140362102,68257470,439143,5690,2.63
09140405100,2590234,8291,3035,3.35
09140405200,3624472,0,4285,4.71
09140405300,3493296,0,5920,3.16
09140405401,3790820,9933,3068,0.94
09140405402,4577504,34612,4074,1.44
09140405500,8386618,84102,5424,6.16
09140405600,7594394,368150,7614,12.54
09140405700,3590066,77261,2167,2.59
09140405801,3024884,0,3337,8.68
09140405802,12469526,441349,4741,0.65
09140405900,5300513,12334,5078,2.26
09140406001,4260134,0,4093,5.47
09140406002,3871218,0,4482,0
09140406100,1800158,4983,3811,12.03
09140425300,18086544,532974,4062,3.76
09140425400,33944750,660137,4711,4.18
09140425500,4642793,6744,2942,1.67
09150708100,100924002,2137004,2587,6.45
09150815000,50222578,352486,2168,6.79
09150820000,64988483,1052941,1628,3.68
09150825000,48254860,131054,1524,3.59
09150830100,100392972,1832456,4220,3.7
09150890203,74720104,2514328,991,5.14
09150900100,69571047,2603558,4365,4.46
09150900200,51925313,1926527,4910,3.15
09150901101,44717207,1635954,3103,0
09150901102,112448002,1434941,5164,2.73
09150902200,74904508,891568,1616,6.01
09150902500,104451274,647536,4294,1.79
09150903101,3637100,54688,3497,12.56
09150903102,5287459,70833,3486,3.12
09150903200,43663480,156989,2273,2.74
09150904101,52681111,1398669,4628,0.79
09150904102,42221032,1093389,2493,3.33
09150904400,18929068,880329,4504,9.67
09150904500,11386437,554904,6160,17.86
09150905101,27110990,123376,4470,2.31
09150905102,48343835,158624,3986,0
09150906100,103456494,683775,5082,5.76
09150907100,34472892,812212,4366,2.46
09150907200,34872474,525523,5500,4.1
09150907300,40498714,142661,5213,9.94
09150908100,70499825,171521,3601,15.36
09160260200,50176807,268569,3200,21.94
09160261100,148239632,7341280,4206,3.49
09160262100,152201015,2058011,2710,6.54
09160263200,119297429,656783,1438,9.91
09160265100,68132140,3219783,1474,2.63
09160266100,125813160,2676631,3041,3.96
09160267100,98602270,1482946,3648,8.72
09160268100,68102993,161539,2184,0.69
09160290100,93896736,6671465,3652,2.81
09160293100,81722366,3551365,1463,3.84
09160296100,113004839,4028683,3181,4.87
09160298300,17450384,183964,2734,4.19
09160298400,62309180,712280,2795,0.87
09160300100,54860268,660814,2618,2.11
09160300400,30206485,33277,2115,2.86
09160300500,60229321,1137200,3516,1.34
09160303100,44961621,3518691,2100,0
09160306100,95927210,2940726,6684,0
09160310100,3364645,18317,4124,4.38
09160310200,1374895,18411,2569,9.41
09160310300,970255,0,1633,12.8
09160310400,2018405,0,2593,2.24
09160310500,1457647,0,1902,0
09160310601,13575634,0,3161,3.62
09160310602,6133422,0,4385,9.39
09160310700,50039684,1269390,4396,9.45
09160310801,4102152,4873,2457,28.93
09160310803,5937149,0,5462,10.03
09160310804,14008180,130419,2799,13.4
09160320101,609064,0,1499,27.41
09160320102,24821328,76895,4403,5.91
09160320200,58783174,3309252,4340,5.27
09160330100,85456173,3932194,1881,1.11
09160410101,43821489,588924,5397,1.16
09160410102,33106241,1247746,4216,3.74
09160425601,117436917,2861078,1732,6.45
09160425602,85242555,836406,1140,19.19
09170140101,181172,0,1056,9.23
09170140102,506661,0,2704,18.47
09170140200,2025494,1619895,435,45.45
09170140300,719325,0,2623,18.06
09170140400,886631,472133,3511,9.21
09170140500,1016311,56739,3680,20.66
09170140600,742654,0,5002,40.84
09170140700,550604,0,3806,32.54
09170140800,1648799,115475,4021,40.67
09170140900,980990,0,5197,28.95
09170141000,1896847,7050,4093,5.93
09170141100,3869431,15739,3015,6.74
09170141200,1934378,18034,4474,20.09
09170141301,4021242,38905,6863,32.67
09170141400,1130319,0,6139,12.47
09170141500,1609634,18287,7289,14.69
09170141600,1068852,0,4907,23.45
09170141800,1463923,0,4200,5.53
09170141900,1335137,45356,5477,0
09170142000,665939,0,3488,7.66
09170142100,624051,0,1497,48.34
09170142200,874724,50439,1708,0
09170142300,1012178,240526,5465,32.46
09170142400,1144657,25761,5702,16.01
09170142500,1845830,276834,6183,10.7
09170142601,3815784,340551,5970,18.62
09170142604,1524437,88900,3252,20.17
09170142605,963007,0,4145,18.32
09170142700,3177377,739944,5592,31.58
09170142800,3973586,2312114,4965,0.73
09170150100,3165084,153797,4781,0
09170150200,2296786,3704431,3249,3.73
09170150300,3174930,36882,3692,1.52
09170150400,1638869,803084,3973,7.58
09170150500,4255061,2196698,4158,2.43
09170150600,10283453,838251,6509,2.17
09170150700,11471357,491296,4430,6.36
09170150800,5526507,37077,3946,2.44
09170150900,4476004,955137,3956,3.74
09170151000,2080477,905216,4104,1.77
09170151100,5668142,2373005,6355,0.13
09170151200,3407374,3033,3187,1.24
09170154101,2480923,43743,2734,4.44
09170154102,3915625,208070,5508,8.6
09170154200,3116828,0,6685,9.85
09170154500,1353040,129649,4761,12.23
09170154600,2219832,107161,4943,10.14
09170154700,5052069,367751,6613,4.9
09170154800,1958273,355039,4623,0
09170154900,1850369,0,3835,18.41
09170155000,1563727,1182829,5382,10.18
09170155100,1262790,785958,3214,2.31
09170157100,9341972,96412,2711,8.04
09170157200,9288029,63034,4061,1.93
09170157300,12104612,360991,3294,1.93
09170157400,13764151,95916,4185,2.35
09170160100,17443257,23631,3426,0.81
09170160200,31279070,948311,5615,1.16
09170161100,54564789,996204,5280,0
09170165100,4735203,582965,3636,6.81
09170165200,3546279,314643,2740,1.7
09170165300,1305527,219752,2482,4.95
09170165400,2866393,274185,5501,2.98
09170165500,1557265,0,4628,19.97
09170165600,2347325,0,5019,10.02
09170165700,2693531,4094,4516,0
09170165801,4153554,0,4849,8.6
09170165802,12882293,179713,4436,2.19
09170165900,27012406,29123,7855,0
09170166002,17299095,161580,7643,3.05
09170166003,2235070,0,2236,4.6
09170166004,1879908,0,4756,9.46
09170167101,12257993,247763,3730,3.25
09170167102,4211869,0,4368,0.4
09170167201,10336554,405041,4149,1.35
09170167202,9823534,55873,4336,1.4
09170167301,17344744,5776,7594,5.59
09170170100,475134,0,1385,38.36
09170170200,608828,0,1615,14.59
09170170300,875299,0,2318,22.58
09170170400,5445255,145129,1722,22.34
09170170500,7384516,412,5537,1.69
09170170600,2091525,285028,2702,4.33
09170170700,920217,0,2239,8.82
09170170800,3624563,466,6330,6.67
09170170900,707433,0,2763,22.78
09170171000,515426,0,1842,27.72
09170171100,4303802,0,5704,13.83
09170171201,5100362,0,4941,2.68
09170171202,7888634,106599,2961,2.75
09170171300,1958101,0,3944,18.34
09170171400,666493,0,2127,11.09
09170171500,1008353,0,3547,6.71
09170171600,7708802,237995,4704,8.15
09170171700,10183879,164815,4037,0
09170175100,1377939,0,2912,12.06
09170175200,838797,0,2508,7.95
09170175300,4271056,12183,4192,4.18
09170175400,10522379,310632,4270,1.52
09170175501,5058955,0,1831,3.17
09170175502,8698031,206055,5111,0
09170175600,6725037,0,5912,1
09170175700,5230372,58609,2059,13.93
09170175800,14396911,273927,4022,1.24
09170175900,5227304,16182,5089,1.2
09170176000,39086876,1270759,6133,0
09170180101,2729866,1078817,2094,0
09170180102,3276559,1155215,4656,0.87
09170180200,3535585,0,5377,5.78
09170180300,1754046,17973,2500,19.43
09170180400,4976820,333020,2384,11.67
09170180500,4126974,80208,4125,9.33
09170180601,3934803,429217,3461,4.11
09170180602,7512732,21543,3132,5.7
09170184101,3982632,162843,5298,12.13
09170184200,5271345,124552,4291,2.38
09170184300,4060103,2216307,4303,3.31
09170184400,4758338,5299702,2998,4
09170184500,5177200,56876,2661,0.66
09170184600,12521106,7033952,2746,0
09170184700,20797692,1035886,5793,0
09170186100,19746090,388280,6970,1.23
09170186200,44377362,4550909,6517,2.53
09170190100,8256222,685301,3037,2.96
09170190200,20159388,6215273,3425,1.21
09170190301,29364950,341938,6581,0
09170190302,20122834,340031,5590,2.07
09170190303,44029937,728673,3404,2.62
09170194101,8554618,1550954,2149,0
09170194102,8389699,1752779,2806,0
09170194201,47265521,190301,7061,0.92
09170194202,29412274,790459,5561,0.42
09170361401,425902,0,3563,8.45
09170361402,771198,0,2871,0
09170361500,3069153,52755,6849,15.92
09170990000,0,586791386,0,
09180690300,3685975,0,6345,19
09180690400,489965,0,2195,26.95
09180690500,971222,394888,2932,25.14
09180690700,1009236,952856,1283,17.69
09180690800,1237563,0,3687,7.2
09180690900,3229935,10220075,5382,7.64
09180693300,17867348,12274617,5293,1.07
09180693400,8004869,152957,4502,3.15
09180693500,13079902,15354183,3560,7.76
09180693600,11212514,1612801,3144,2.93
09180693700,34957752,1329403,3130,0
09180695201,41626233,812704,5204,7.55
09180695202,45002992,2153472,5648,0
09180696100,8291306,522413,5215,11.27
09180696200,27348329,454438,4958,0
09180696300,9058911,430813,3141,2.03
09180696401,5272209,376909,5622,22.1
09180696500,2823338,99898,2961,7.83
09180696600,7834654,31747,4109,5.52
09180696701,5188295,688495,5861,33.75
09180696800,1155658,99400,3402,22.57
09180697000,5707486,779720,4723,10.34
09180700100,79848696,2360639,4812,0.64
09180701100,69537755,1355192,8394,2.98
09180701200,28255542,3046686,7000,13
09180702100,22150937,889208,4367,1.99
09180702300,2652290,1149376,2455,3.65
09180702400,2654759,292884,3411,2.25
09180702500,2680171,552479,4500,36.39
09180702600,2443713,8499408,1224,1.2
09180702700,8333686,799911,5026,17.22
09180702800,12282138,562537,3833,1.79
09180702900,7700999,21585055,2314,2.95
09180703000,6218442,1503575,3650,1.76
09180705101,15545496,4226447,3979,2.05
09180705102,11011936,0,4236,5.04
09180705200,22468431,12586485,3661,7.19
09180705300,11356301,12437882,3660,0.62
09180705400,39693439,393127,2845,1.07
09180707100,140501875,1868223,5154,5.37
09180709100,77032883,4898064,6167,1.7
09180709200,12864261,1205965,5317,4.44
09180710100,42200264,1018780,4213,6.69
09180711100,34296090,1491928,2945,7.79
09180712100,51048739,222178,1925,3.48
09180713100,51708109,723331,2373,6.62
09180714101,12617992,0,4048,3.14
09180714103,67218720,1000607,6476,2.2
09180714104,46929919,1074385,4981,0.73
09180715100,74924895,2172864,4247,3.97
09180716101,28697551,588744,5384,1.37
09180716102,40596086,1222159,5506,3.89
09180800300,4333069,41620,6227,23.84
09180800400,5893651,6408,3794,13.4
09180800501,13626092,807244,3710,28.75
09180800502,42427986,1124985,2799,0
09180800600,1456494,153517,4028,25.51
09180800700,1796573,15149,3347,2.75
09180870100,140113258,2986571,7137,5.8
09180870200,12136935,365987,6002,7.72
09180870300,3897500,1339406,5375,32.14
09180870501,13469015,988231,4183,2.23
09180870502,8178265,1762802,2971,13.46
09180870701,6435668,597670,2071,1.07
09180870703,5659642,5845772,1523,4.45
09180870704,6715928,12405021,4154,1.45
09180980000,2495100,740942,1304,
09180990100,,,0,
09190010101,32765658,217746,4112,2.09
09190010102,32619575,1449252,4285,2.05
09190010201,11255057,140761,3437,5.51
09190010202,9845918,135916,5872,2.21
09190010300,9636411,37010,4439,0
09190010400,2699580,38416,5340,3.31
09190010500,1916409,11507,6180,11.4
09190010600,883179,0,1741,3.02
09190010700,1855240,87317,3619,2.44
09190010800,1857937,204390,3397,5.61
09190010900,2595072,102736,5494,3.52
09190011000,4473567,3841129,5361,1.99
09190011100,4370720,1985027,5265,0.52
09190011200,4903702,5042758,1801,3.68
09190011300,1919655,6714176,3162,0.54
09190020101,309714,0,2662,3.82
09190020102,638356,0,4467,1.31
09190020200,19346004,743384,3454,3.05
09190020301,11795062,765749,3442,0
09190020302,7879420,102459,3346,1.46
09190020400,9354092,401020,3219,0
09190020500,9236478,32460,4633,0.81
09190020600,3409879,11069,4587,2.75
09190020700,5804965,55870,3752,1.94
09190020800,2308451,0,2406,0
09190020900,1640220,0,5543,10.79
09190021000,1976607,0,3592,9.68
09190021100,1858959,0,5794,10.23
09190021200,2399974,0,3867,1.74
09190021300,2287341,0,4745,0
09190021401,543685,0,4292,13.97
09190021402,1120632,0,4375,15.33
09190021501,397807,0,4528,11.69
09190021502,346295,0,3344,5.29
09190021601,459686,0,3378,4.13
09190021602,324994,0,4777,4.67
09190021701,259960,0,4191,7.87
09190021702,505499,0,4808,9.92
09190021801,1033438,0,4696,5.79
09190021802,1397378,0,5322,5.97
09190021900,2155427,2385113,5966,10.83
09190022000,736436,0,3294,23.14
09190022101,566408,0,2498,26.99
09190022102,1453419,311983,4044,0
09190022201,598429,0,3345,11.99
09190022202,842319,228812,5355,2.46
09190022300,2724628,886469,6291,6.69
09190022400,1743336,2216785,1793,4.95
09190030100,11129324,27900,3225,3.16
09190030200,4379862,45814,3675,0
09190030300,8427195,5570784,4489,1.99
09190030400,3391739,0,4061,4.4
09190030500,5446368,5422,6233,5.41
09190035101,2200629,14027,4054,2.68
09190035102,4346949,115,3806,3.7
09190035200,17400725,508352,3241,4.13
09190035300,13444758,46232,4061,0.79
09190035400,20091019,282909,5542,1.17
09190042500,6252677,38740,3352,0.9
09190042600,2941030,0,4289,4.54
09190042700,4107177,43237,5630,6.95
09190042800,2440480,20942,4987,5.8
09190042900,3940799,6271,1428,0
09190043000,3028521,37313,3088,7.32
09190043100,6652728,58522,4480,1.25
09190043200,2769528,11056,3152,14.13
09190043300,1229595,31379,3185,6.26
09190043400,1358476,0,5130,4
09190043500,1837184,0,2303,14.7
09190043600,1451065,62914,3389,0
09190043700,1186979,66141,3602,16.01
09190043800,1944742,0,8308,11.88
09190043900,3443730,11403,5236,4.45
09190044000,1207845,0,6863,19.16
09190044100,956680,194115,3868,24.39
09190044200,1444752,309287,4106,3.23
09190044300,3883905,1198786,3922,0.82
09190044400,2650232,10614309,3998,17.21
09190044500,1287342,0,4022,12.28
09190044600,3259765,2028523,3037,0
09190045101,19680995,1153174,4172,2.27
09190045102,26683126,52703,5931,2.67
09190045200,8316069,0,2754,0
09190045300,7004133,33258,2462,1.5
09190045400,7692428,36965,3120,0
09190050100,8701513,113408,4318,1.71
09190050200,4878639,90789,3625,4.6
09190050301,7295115,13383,4250,2.82
09190050302,10316526,7329,4216,4.93
09190050400,3601406,10102279,2379,1.88
09190050500,6757886,2310469,5277,3.65
09190050600,10144081,2592137,3217,2.24
09190055100,34628962,2216980,5861,1.21
09190055200,16574870,124329,4474,0.44
09190200100,5056815,0,4058,2.25
09190200200,5619062,0,5800,3.62
09190200301,9898015,0,5251,0.44
09190200302,23344298,156161,5389,0.94
09190205100,9556780,518305,4547,7.8
09190205200,24935139,1023319,6913,2.03
09190205300,16623797,0,6030,6.05
09190210101,695595,0,2658,24.46
09190210102,612603,0,3432,34.42
09190210201,1188242,0,3248,7.29
09190210202,1191359,0,3637,16.06
09190210300,2665744,0,5477,9.93
09190210401,1886188,0,4685,13.84
09190210402,5611963,0,4087,4.16
09190210501,18673408,457312,2982,0
09190210502,14728981,229663,6618,1.78
09190210600,2634253,0,7105,10.04
09190210701,1247002,0,6293,21.78
09190210702,1307752,0,4487,4.97
09190210800,16290361,1183857,5985,2.97
09190210900,12781488,185296,5519,2.94
09190211000,7080028,787556,4227,3.32
09190211100,1544744,0,979,0
09190211201,2279434,76368,3202,11.73
09190211202,4285574,2066051,2723,9.69
09190211300,4889025,472691,3739,1.69
09190211400,7261551,348325,5003,10.45
09190220100,10988038,339111,5140,4.1
09190220200,30724448,506361,4759,0.25
09190220300,11177481,11303892,3659,2.25
09190230100,40190697,1650366,7009,0
09190230200,5967206,0,1968,0.72
09190230300,20675071,527819,3240,3.42
09190230400,35422556,58143,6107,1.69
09190230501,20289755,1287504,4134,7.34
09190230502,26450969,129899,4926,4.35
09190240100,34396263,224740,4501,3.37
09190240200,47130890,1181866,4255,3.41
09190245100,10354901,171931,3078,0.97
09190245200,18979941,455830,4343,3.08
09190245300,13656451,81428,5516,1.13
09190245400,12763582,25832,3449,1.01
09190245500,7574107,0,2674,0
09190245600,26026379,554077,5932,2.99
09190250100,42478578,2360514,1670,1.54
09190253100,5075728,0,3469,12.56
09190253200,30930437,293150,7170,1.53
09190253400,37277698,4122562,6309,0.31
09190253500,68802186,529044,5956,14.47
09190257100,56757602,3967080,3508,1.72
09190425700,17360267,672562,5257,4.32
09190990000,0,194005248,0,