FIPS,Area (Land),Area (Water),Place (State FIPS + Place FIPS),Qualified Area Name,Total_Pop,Perc_Pov
09110400101,11374703,168925,9,"Census Tract 4001.01, Capitol Planning Region, Connecticut",2833,4.07
09110400102,8210788,229073,9,"Census Tract 4001.02, Capitol Planning Region, Connecticut",4298,6.67
09110400200,32961529,937785,9,"Census Tract 4002, Capitol Planning Region, Connecticut",6198,0
09110400300,15600303,409091,9,"Census Tract 4003, Capitol Planning Region, Connecticut",6881,3.81
09110415300,541180,0,9,"Census Tract 4153, Capitol Planning Region, Connecticut",2399,26.07
09110415400,2686140,0,9,"Census Tract 4154, Capitol Planning Region, Connecticut",5536,10.34
09110415500,1136293,0,9,"Census Tract 4155, Capitol Planning Region, Connecticut",2878,21.26
09110415600,1270379,0,9,"Census Tract 4156, Capitol Planning Region, Connecticut",4220,18.25
09110415700,1273956,35674,9,"Census Tract 4157, Capitol Planning Region, Connecticut",3277,8.24
09110415800,1375333,0,9,"Census Tract 4158, Capitol Planning Region, Connecticut",2903,28.92
09110415900,651125,0,9,"Census Tract 4159, Capitol Planning Region, Connecticut",1475,10
09110416000,812079,0,9,"Census Tract 4160, Capitol Planning Region, Connecticut",4679,24.84
09110416100,896459,0,9,"Census Tract 4161, Capitol Planning Region, Connecticut",4618,13.18
09110416200,555678,0,9,"Census Tract 4162, Capitol Planning Region, Connecticut",2786,24.58
09110416300,1830592,0,9,"Census Tract 4163, Capitol Planning Region, Connecticut",4161,18.5
09110416400,4479730,19980,9,"Census Tract 4164, Capitol Planning Region, Connecticut",3346,1.1
09110416500,3104118,0,9,"Census Tract 4165, Capitol Planning Region, Connecticut",4621,10.76
09110416600,1598492,0,9,"Census Tract 4166, Capitol Planning Region, Connecticut",2961,27.6
09110416700,2626365,0,9,"Census Tract 4167, Capitol Planning Region, Connecticut",7015,12.37
09110416800,1192733,0,9,"Census Tract 4168, Capitol Planning Region, Connecticut",3849,9.73
09110417100,1168124,0,9,"Census Tract 4171, Capitol Planning Region, Connecticut",1728,41.74
09110417200,616008,0,9,"Census Tract 4172, Capitol Planning Region, Connecticut",1511,4.22
09110417300,576659,0,9,"Census Tract 4173, Capitol Planning Region, Connecticut",1642,
09110417400,2735371,46990,9,"Census Tract 4174, Capitol Planning Region, Connecticut",3130,2.21
09110417500,3567470,84740,9,"Census Tract 4175, Capitol Planning Region, Connecticut",4566,3.94
09110420400,5689449,45167,9,"Census Tract 4204, Capitol Planning Region, Connecticut",3111,4.05
09110420500,4778095,0,9,"Census Tract 4205, Capitol Planning Region, Connecticut",5207,2.14
09110420601,1548470,4297,9,"Census Tract 4206.01, Capitol Planning Region, Connecticut",2331,21.82
09110420602,3955379,138026,9,"Census Tract 4206.02, Capitol Planning Region, Connecticut",3440,3.15
09110420700,9168405,4369,9,"Census Tract 4207, Capitol Planning Region, Connecticut",3379,1.89
09110430100,3408262,0,9,"Census Tract 4301, Capitol Planning Region, Connecticut",4148,6.02
09110430201,6378472,0,9,"Census Tract 4302.01, Capitol Planning Region, Connecticut",3366,0
09110430202,16291943,1424290,9,"Census Tract 4302.02, Capitol Planning Region, Connecticut",4582,0
09110430203,5147024,30961,9,"Census Tract 4302.03, Capitol Planning Region, Connecticut",3956,1.43
09110430301,9302188,63467,9,"Census Tract 4303.01, Capitol Planning Region, Connecticut",4018,2.88
09110430302,4552528,19886,9,"Census Tract 4303.02, Capitol Planning Region, Connecticut",2578,0
09110430400,9973390,24419,9,"Census Tract 4304, Capitol Planning Region, Connecticut",5148,11.47
09110430501,1447346,0,9,"Census Tract 4305.01, Capitol Planning Region, Connecticut",1554,0
09110430502,11073013,64832,9,"Census Tract 4305.02, Capitol Planning Region, Connecticut",5422,0
09110430602,3422664,0,9,"Census Tract 4306.02, Capitol Planning Region, Connecticut",3567,0
09110430603,3316362,0,9,"Census Tract 4306.03, Capitol Planning Region, Connecticut",1931,5.54
09110430604,18600609,306195,9,"Census Tract 4306.04, Capitol Planning Region, Connecticut",3305,0
09110460100,9879911,629579,9,"Census Tract 4601, Capitol Planning Region, Connecticut",3035,1.52
09110460202,20190010,153041,9,"Census Tract 4602.02, Capitol Planning Region, Connecticut",4811,0
09110460203,11951170,1034715,9,"Census Tract 4602.03, Capitol Planning Region, Connecticut",3782,1.31
09110460204,17072928,131112,9,"Census Tract 4602.04, Capitol Planning Region, Connecticut",5883,6.82
09110460301,7501112,167040,9,"Census Tract 4603.01, Capitol Planning Region, Connecticut",5259,4.51
09110460302,5670457,155793,9,"Census Tract 4603.02, Capitol Planning Region, Connecticut",3915,0.72
09110462101,10735588,122210,9,"Census Tract 4621.01, Capitol Planning Region, Connecticut",6278,2.94
09110462102,11381844,307053,9,"Census Tract 4621.02, Capitol Planning Region, Connecticut",4345,0
09110462201,22009143,382431,9,"Census Tract 4622.01, Capitol Planning Region, Connecticut",5534,4.51
09110462202,15856012,307169,9,"Census Tract 4622.02, Capitol Planning Region, Connecticut",2699,3.45
09110464101,52828108,50838,9,"Census Tract 4641.01, Capitol Planning Region, Connecticut",5437,2.19
09110464102,10848403,1086829,9,"Census Tract 4641.02, Capitol Planning Region, Connecticut",4671,0
09110466101,18479172,94008,9,"Census Tract 4661.01, Capitol Planning Region, Connecticut",5939,1.81
09110466102,11563563,29770,9,"Census Tract 4661.02, Capitol Planning Region, Connecticut",5390,1.78
09110466201,8429884,119753,9,"Census Tract 4662.01, Capitol Planning Region, Connecticut",2502,14.31
09110466202,23091462,41880,9,"Census Tract 4662.02, Capitol Planning Region, Connecticut",3962,2.17
09110466300,10488932,235396,9,"Census Tract 4663, Capitol Planning Region, Connecticut",4692,1.1
09110466400,15830305,430939,9,"Census Tract 4664, Capitol Planning Region, Connecticut",2262,1.42
09110468101,85313993,248525,9,"Census Tract 4681.01, Capitol Planning Region, Connecticut",6981,0.77
09110468102,20183713,102834,9,"Census Tract 4681.02, Capitol Planning Region, Connecticut",4039,0.93
09110470100,43079693,261880,9,"Census Tract 4701, Capitol Planning Region, Connecticut",5214,0
09110471100,2734068,0,9,"Census Tract 4711, Capitol Planning Region, Connecticut",3414,3.36
09110471200,5811118,0,9,"Census Tract 4712, Capitol Planning Region, Connecticut",3193,1.64
09110471300,8818468,15251,9,"Census Tract 4713, Capitol Planning Region, Connecticut",4933,4.17
09110471400,33448072,373023,9,"Census Tract 4714, Capitol Planning Region, Connecticut",5932,7.69
09110471500,16750537,42414,9,"Census Tract 4715, Capitol Planning Region, Connecticut",4075,0
09110473100,10598408,0,9,"Census Tract 4731, Capitol Planning Region, Connecticut",6246,1.08
09110473400,2329556,29953,9,"Census Tract 4734, Capitol Planning Region, Connecticut",1840,15.26
09110473501,24830346,1240362,9,"Census Tract 4735.01, Capitol Planning Region, Connecticut",4923,1.64
09110473502,13941196,130592,9,"Census Tract 4735.02, Capitol Planning Region, Connecticut",3395,6.6
09110473601,12483062,1215354,9,"Census Tract 4736.01, Capitol Planning Region, Connecticut",3281,2.26
09110473602,3227130,80773,9,"Census Tract 4736.02, Capitol Planning Region, Connecticut",2409,7.33
09110473700,7202666,878735,9,"Census Tract 4737, Capitol Planning Region, Connecticut",5526,1.57
09110473800,1830834,173905,9,"Census Tract 4738, Capitol Planning Region, Connecticut",1747,3.52
09110476100,6353713,884319,9,"Census Tract 4761, Capitol Planning Region, Connecticut",4816,1.39
09110476200,3985821,0,9,"Census Tract 4762, Capitol Planning Region, Connecticut",2586,12.28
09110476300,9198687,0,9,"Census Tract 4763, Capitol Planning Region, Connecticut",5153,13.31
09110477101,45196855,32236,9,"Census Tract 4771.01, Capitol Planning Region, Connecticut",4293,0.5
09110477103,11496413,873825,9,"Census Tract 4771.03, Capitol Planning Region, Connecticut",4170,5.57
09110477104,16158686,699458,9,"Census Tract 4771.04, Capitol Planning Region, Connecticut",4060,0
09110477200,36070570,132560,9,"Census Tract 4772, Capitol Planning Region, Connecticut",3113,0
09110480300,2936322,0,9,"Census Tract 4803, Capitol Planning Region, Connecticut",2047,6.3
09110480400,4204157,0,9,"Census Tract 4804, Capitol Planning Region, Connecticut",3719,4.26
09110480500,3654218,338685,9,"Census Tract 4805, Capitol Planning Region, Connecticut",3138,1.48
09110480600,1745994,428578,9,"Census Tract 4806, Capitol Planning Region, Connecticut",4140,19.53
09110480700,2347045,358555,9,"Census Tract 4807, Capitol Planning Region, Connecticut",2142,6.08
09110480800,13156527,7780,9,"Census Tract 4808, Capitol Planning Region, Connecticut",4214,1.45
09110480900,5842613,0,9,"Census Tract 4809, Capitol Planning Region, Connecticut",2564,3.92
09110481000,19441820,15152,9,"Census Tract 4810, Capitol Planning Region, Connecticut",3660,4.4
09110481100,5747597,0,9,"Census Tract 4811, Capitol Planning Region, Connecticut",3704,1.2
09110481200,6136531,380121,9,"Census Tract 4812, Capitol Planning Region, Connecticut",3844,10.58
09110481300,7834460,676078,9,"Census Tract 4813, Capitol Planning Region, Connecticut",2891,2.56
09110484100,33516493,1297022,9,"Census Tract 4841, Capitol Planning Region, Connecticut",5399,1.31
09110484200,34472509,169589,9,"Census Tract 4842, Capitol Planning Region, Connecticut",5758,8.03
09110487100,18194263,29750,9,"Census Tract 4871, Capitol Planning Region, Connecticut",7048,1.25
09110487201,7338156,1414,9,"Census Tract 4872.01, Capitol Planning Region, Connecticut",4683,3.67
09110487202,5718114,12416,9,"Census Tract 4872.02, Capitol Planning Region, Connecticut",3383,0
09110487300,16154476,1368241,9,"Census Tract 4873, Capitol Planning Region, Connecticut",1492,0
09110487400,13307944,74529,9,"Census Tract 4874, Capitol Planning Region, Connecticut",2744,3.17
09110487500,11955329,85933,9,"Census Tract 4875, Capitol Planning Region, Connecticut",7470,5.53
09110490100,11165097,952432,9,"Census Tract 4901, Capitol Planning Region, Connecticut",5554,0
09110490303,4233390,0,9,"Census Tract 4903.03, Capitol Planning Region, Connecticut",4016,0
09110490304,7896211,0,9,"Census Tract 4903.04, Capitol Planning Region, Connecticut",4405,1.03
09110492100,8886578,1866392,9,"Census Tract 4921, Capitol Planning Region, Connecticut",3651,0.91
09110492200,2703223,0,9,"Census Tract 4922, Capitol Planning Region, Connecticut",4202,0.17
09110492300,5448308,35432,9,"Census Tract 4923, Capitol Planning Region, Connecticut",6121,12.24
09110492400,3008123,3059,9,"Census Tract 4924, Capitol Planning Region, Connecticut",2950,2.96
09110492500,3223856,0,9,"Census Tract 4925, Capitol Planning Region, Connecticut",3573,2.29
09110492600,8592444,166515,9,"Census Tract 4926, Capitol Planning Region, Connecticut",6683,1.56
09110494100,5044537,0,9,"Census Tract 4941, Capitol Planning Region, Connecticut",6300,15.96
09110494201,6056904,0,9,"Census Tract 4942.01, Capitol Planning Region, Connecticut",4659,1.22
09110494202,2490307,0,9,"Census Tract 4942.02, Capitol Planning Region, Connecticut",2844,0
09110494300,5139139,0,9,"Census Tract 4943, Capitol Planning Region, Connecticut",4031,5.99
09110494400,4333137,0,9,"Census Tract 4944, Capitol Planning Region, Connecticut",4575,7.24
09110494500,5166312,0,9,"Census Tract 4945, Capitol Planning Region, Connecticut",4727,4.06
09110494600,5803762,0,9,"Census Tract 4946, Capitol Planning Region, Connecticut",3415,3.42
09110496100,3163598,0,9,"Census Tract 4961, Capitol Planning Region, Connecticut",2651,23.05
09110496200,2745056,0,9,"Census Tract 4962, Capitol Planning Region, Connecticut",4969,2.3
09110496300,2125872,0,9,"Census Tract 4963, Capitol Planning Region, Connecticut",3651,5.12
09110496400,2858536,0,9,"Census Tract 4964, Capitol Planning Region, Connecticut",2973,0.93
09110496500,1366986,0,9,"Census Tract 4965, Capitol Planning Region, Connecticut",2879,0
09110496600,3221755,246578,9,"Census Tract 4966, Capitol Planning Region, Connecticut",2740,0
09110496700,1327889,0,9,"Census Tract 4967, Capitol Planning Region, Connecticut",3795,6.55
09110496800,1410493,0,9,"Census Tract 4968, Capitol Planning Region, Connecticut",3395,7.52
09110496900,2142871,0,9,"Census Tract 4969, Capitol Planning Region, Connecticut",6211,2.02
09110497000,2407403,0,9,"Census Tract 4970, Capitol Planning Region, Connecticut",4330,0
09110497100,1340638,0,9,"Census Tract 4971, Capitol Planning Region, Connecticut",4097,4.25
09110497200,1798314,0,9,"Census Tract 4972, Capitol Planning Region, Connecticut",2330,0.63
09110497300,5311033,1328,9,"Census Tract 4973, Capitol Planning Region, Connecticut",5069,0
09110497400,4056597,6237,9,"Census Tract 4974, Capitol Planning Region, Connecticut",4014,0.61
09110497500,3828604,10090,9,"Census Tract 4975, Capitol Planning Region, Connecticut",4043,1.67
09110497600,1791701,0,9,"Census Tract 4976, Capitol Planning Region, Connecticut",2319,1.38
09110497700,15662803,832288,9,"Census Tract 4977, Capitol Planning Region, Connecticut",4343,0
09110500100,403498,0,9,"Census Tract 5001, Capitol Planning Region, Connecticut",2978,41.61
09110500200,389395,0,9,"Census Tract 5002, Capitol Planning Region, Connecticut",1631,24.63
09110500300,531518,0,9,"Census Tract 5003, Capitol Planning Region, Connecticut",1993,33.52
09110500400,948719,0,9,"Census Tract 5004, Capitol Planning Region, Connecticut",1663,20.81
09110500500,282625,0,9,"Census Tract 5005, Capitol Planning Region, Connecticut",1320,16.52
09110500900,503990,0,9,"Census Tract 5009, Capitol Planning Region, Connecticut",1973,40.9
09110501200,731974,0,9,"Census Tract 5012, Capitol Planning Region, Connecticut",2541,45.35
09110501300,262251,0,9,"Census Tract 5013, Capitol Planning Region, Connecticut",1807,34.58
09110501400,370001,0,9,"Census Tract 5014, Capitol Planning Region, Connecticut",2141,14.11
09110501500,1789690,13593,9,"Census Tract 5015, Capitol Planning Region, Connecticut",3547,35.94
09110501700,297599,0,9,"Census Tract 5017, Capitol Planning Region, Connecticut",1849,49.28
09110501800,512933,0,9,"Census Tract 5018, Capitol Planning Region, Connecticut",2640,40.81
09110502100,2238024,316993,9,"Census Tract 5021, Capitol Planning Region, Connecticut",3113,10.37
09110502300,1726136,11391,9,"Census Tract 5023, Capitol Planning Region, Connecticut",5476,12.57
09110502400,733061,0,9,"Census Tract 5024, Capitol Planning Region, Connecticut",6729,21.27
09110502500,5416253,343915,9,"Census Tract 5025, Capitol Planning Region, Connecticut",1850,31.28
09110502600,546761,0,9,"Census Tract 5026, Capitol Planning Region, Connecticut",3637,17.82
09110502700,1011637,0,9,"Census Tract 5027, Capitol Planning Region, Connecticut",4860,25.5
09110502800,472294,0,9,"Census Tract 5028, Capitol Planning Region, Connecticut",3027,22.95
09110502900,802325,0,9,"Census Tract 5029, Capitol Planning Region, Connecticut",2634,9.22
09110503000,484878,0,9,"Census Tract 5030, Capitol Planning Region, Connecticut",2964,33.57
09110503101,312268,0,9,"Census Tract 5031.01, Capitol Planning Region, Connecticut",1551,4.78
09110503102,393557,0,9,"Census Tract 5031.02, Capitol Planning Region, Connecticut",2187,25.72
09110503300,274891,0,9,"Census Tract 5033, Capitol Planning Region, Connecticut",2640,2.94
09110503500,223439,0,9,"Census Tract 5035, Capitol Planning Region, Connecticut",1546,22.96
09110503700,607129,0,9,"Census Tract 5037, Capitol Planning Region, Connecticut",2631,35.97
09110503800,1838651,10746,9,"Census Tract 5038, Capitol Planning Region, Connecticut",2497,25.81
09110503900,1674647,0,9,"Census Tract 5039, Capitol Planning Region, Connecticut",4551,6.69
09110504000,1062805,0,9,"Census Tract 5040, Capitol Planning Region, Connecticut",3390,4.11
09110504100,286070,0,9,"Census Tract 5041, Capitol Planning Region, Connecticut",1541,47.78
09110504200,1168181,0,9,"Census Tract 5042, Capitol Planning Region, Connecticut",5196,21.05
09110504300,727281,0,9,"Census Tract 5043, Capitol Planning Region, Connecticut",2173,16.43
09110504500,772018,0,9,"Census Tract 5045, Capitol Planning Region, Connecticut",3654,26.81
09110504800,1491762,10384,9,"Census Tract 5048, Capitol Planning Region, Connecticut",4340,15.48
09110504900,1556383,0,9,"Census Tract 5049, Capitol Planning Region, Connecticut",4391,18.11
09110510100,3245773,507182,9,"Census Tract 5101, Capitol Planning Region, Connecticut",1962,0
09110510200,2904213,309925,9,"Census Tract 5102, Capitol Planning Region, Connecticut",2115,13.4
09110510300,2388033,0,9,"Census Tract 5103, Capitol Planning Region, Connecticut",4119,12.22
09110510400,2702880,87828,9,"Census Tract 5104, Capitol Planning Region, Connecticut",5794,20.41
09110510500,3628284,18483,9,"Census Tract 5105, Capitol Planning Region, Connecticut",3059,0.8
09110510600,7020639,283703,9,"Census Tract 5106, Capitol Planning Region, Connecticut",4936,20.16
09110510700,3261994,0,9,"Census Tract 5107, Capitol Planning Region, Connecticut",4503,12.31
09110510800,2760820,579025,9,"Census Tract 5108, Capitol Planning Region, Connecticut",3382,7.92
09110510900,3226464,0,9,"Census Tract 5109, Capitol Planning Region, Connecticut",3785,8.19
09110511000,3361298,0,9,"Census Tract 5110, Capitol Planning Region, Connecticut",3593,1.64
09110511100,4134970,16533,9,"Census Tract 5111, Capitol Planning Region, Connecticut",3593,4.62
09110511200,1899377,59668,9,"Census Tract 5112, Capitol Planning Region, Connecticut",3582,15.08
09110511300,1752636,41808,9,"Census Tract 5113, Capitol Planning Region, Connecticut",3990,22.31
09110511400,4350933,0,9,"Census Tract 5114, Capitol Planning Region, Connecticut",2385,6.43
09110514101,4398552,15049,9,"Census Tract 5141.01, Capitol Planning Region, Connecticut",3148,6.98
09110514103,8497242,0,9,"Census Tract 5141.03, Capitol Planning Region, Connecticut",4666,3.51
09110514104,4188625,37464,9,"Census Tract 5141.04, Capitol Planning Region, Connecticut",3517,6.57
09110514200,3602504,201934,9,"Census Tract 5142, Capitol Planning Region, Connecticut",3251,8.68
09110514300,2192485,0,9,"Census Tract 5143, Capitol Planning Region, Connecticut",4340,2.46
09110514400,2423902,23757,9,"Census Tract 5144, Capitol Planning Region, Connecticut",4979,9.59
09110514500,2721630,0,9,"Census Tract 5145, Capitol Planning Region, Connecticut",4420,5.33
09110514600,2144936,0,9,"Census Tract 5146, Capitol Planning Region, Connecticut",5119,15.64
09110514700,1383464,0,9,"Census Tract 5147, Capitol Planning Region, Connecticut",5117,8.03
09110514800,1377342,0,9,"Census Tract 5148, Capitol Planning Region, Connecticut",3286,30.7
09110514900,3546060,22405,9,"Census Tract 5149, Capitol Planning Region, Connecticut",2990,1.37
09110515000,5819653,103011,9,"Census Tract 5150, Capitol Planning Region, Connecticut",3020,0
09110515101,2869203,0,9,"Census Tract 5151.01, Capitol Planning Region, Connecticut",2536,3.28
09110515102,14425579,106416,9,"Census Tract 5151.02, Capitol Planning Region, Connecticut",5683,10.28
09110515200,11431947,159903,9,"Census Tract 5152, Capitol Planning Region, Connecticut",3401,2.37
09110520100,14545605,61531,9,"Census Tract 5201, Capitol Planning Region, Connecticut",5676,0
09110520201,30630369,169127,9,"Census Tract 5202.01, Capitol Planning Region, Connecticut",3763,0.73
09110520202,35226588,209633,9,"Census Tract 5202.02, Capitol Planning Region, Connecticut",4350,1.84
09110520301,7401559,0,9,"Census Tract 5203.01, Capitol Planning Region, Connecticut",4673,3.22
09110520302,8080988,527685,9,"Census Tract 5203.02, Capitol Planning Region, Connecticut",4335,3.46
09110520400,18152799,857996,9,"Census Tract 5204, Capitol Planning Region, Connecticut",7847,0.89
09110520501,18720481,550038,9,"Census Tract 5205.01, Capitol Planning Region, Connecticut",4492,1.95
09110524100,60479198,444481,9,"Census Tract 5241, Capitol Planning Region, Connecticut",6106,6.25
09110524200,11573262,44907,9,"Census Tract 5242, Capitol Planning Region, Connecticut",6749,6.02
09110524300,13245555,243879,9,"Census Tract 5243, Capitol Planning Region, Connecticut",5037,0.8
09110524400,2748770,0,9,"Census Tract 5244, Capitol Planning Region, Connecticut",3651,12.3
09110524501,505955,0,9,"Census Tract 5245.01, Capitol Planning Region, Connecticut",3574,6.17
09110524502,1705657,0,9,"Census Tract 5245.02, Capitol Planning Region, Connecticut",2197,5.77
09110524600,1284877,0,9,"Census Tract 5246, Capitol Planning Region, Connecticut",3115,12.84
09110524700,1786340,0,9,"Census Tract 5247, Capitol Planning Region, Connecticut",3832,14.64
09110526101,43168815,477283,9,"Census Tract 5261.01, Capitol Planning Region, Connecticut",4088,2.33
09110526102,52388802,427663,9,"Census Tract 5261.02, Capitol Planning Region, Connecticut",5021,1.07
09110528100,40012484,635900,9,"Census Tract 5281, Capitol Planning Region, Connecticut",3148,0
09110529100,37314555,766251,9,"Census Tract 5291, Capitol Planning Region, Connecticut",4848,6.86
09110530100,2446479,142113,9,"Census Tract 5301, Capitol Planning Region, Connecticut",2233,9.86
09110530200,3202682,0,9,"Census Tract 5302, Capitol Planning Region, Connecticut",6502,18.71
09110530301,4528721,0,9,"Census Tract 5303.01, Capitol Planning Region, Connecticut",5022,6.52
09110530302,8165191,0,9,"Census Tract 5303.02, Capitol Planning Region, Connecticut",6507,2.72
09110530400,4463197,19436,9,"Census Tract 5304, Capitol Planning Region, Connecticut",4004,6.61
09110530500,6408808,54521,9,"Census Tract 5305, Capitol Planning Region, Connecticut",3475,8.5
09110530600,16672149,772475,9,"Census Tract 5306, Capitol Planning Region, Connecticut",2634,0
09110533102,36307158,151626,9,"Census Tract 5331.02, Capitol Planning Region, Connecticut",5582,3.79
09110533103,28150710,1422781,9,"Census Tract 5331.03, Capitol Planning Region, Connecticut",4475,6.36
09110533104,38175646,55804,9,"Census Tract 5331.04, Capitol Planning Region, Connecticut",4499,0
09110535101,18977336,23779,9,"Census Tract 5351.01, Capitol Planning Region, Connecticut",5813,1.15
09110535102,25981033,1848,9,"Census Tract 5351.02, Capitol Planning Region, Connecticut",4480,15.21
09110535200,43206583,1355239,9,"Census Tract 5352, Capitol Planning Region, Connecticut",6407,1.94
09110538100,1637915,0,9,"Census Tract 5381, Capitol Planning Region, Connecticut",1078,
09110538201,38651100,216049,9,"Census Tract 5382.01, Capitol Planning Region, Connecticut",5055,0.62
09110538202,33412147,87978,9,"Census Tract 5382.02, Capitol Planning Region, Connecticut",4031,0.72
09110840100,86230085,582494,9,"Census Tract 8401, Capitol Planning Region, Connecticut",5563,4.62
09110850100,49745926,47320,9,"Census Tract 8501, Capitol Planning Region, Connecticut",5848,1.69
09110850200,47562093,1697140,9,"Census Tract 8502, Capitol Planning Region, Connecticut",6419,4.84
09110860100,55355052,1587988,9,"Census Tract 8601, Capitol Planning Region, Connecticut",5268,0.49
09110881100,57881356,2261829,9,"Census Tract 8811, Capitol Planning Region, Connecticut",4415,0.65
09110881200,2273066,28584,9,"Census Tract 8812, Capitol Planning Region, Connecticut",7944,0
09110881300,23672163,171344,9,"Census Tract 8813, Capitol Planning Region, Connecticut",4811,13.51
09110881500,31779294,178962,9,"Census Tract 8815, Capitol Planning Region, Connecticut",5284,7.35
09110890100,8850574,40014,9,"Census Tract 8901, Capitol Planning Region, Connecticut",3719,6.08
09110890202,93259177,698992,9,"Census Tract 8902.02, Capitol Planning Region, Connecticut",4996,1.83
09110890204,48207064,1129952,9,"Census Tract 8902.04, Capitol Planning Region, Connecticut",2747,3.45
09110980001,2363607,0,9,"Census Tract 9800.01, Capitol Planning Region, Connecticut",0,
09110980002,3833412,0,9,"Census Tract 9800.02, Capitol Planning Region, Connecticut",0,
09110980003,602790,0,9,"Census Tract 9800.03, Capitol Planning Region, Connecticut",0,
09110980100,4136404,1044531,9,"Census Tract 9801, Capitol Planning Region, Connecticut",940,
09120060100,3837602,0,9,"Census Tract 601, Greater Bridgeport Planning Region, Connecticut",3995,1.41
09120060200,4201169,11817,9,"Census Tract 602, Greater Bridgeport Planning Region, Connecticut",4479,3.74
09120060300,11682704,1050712,9,"Census Tract 603, Greater Bridgeport Planning Region, Connecticut",4251,2.25
09120060400,22385495,0,9,"Census Tract 604, Greater Bridgeport Planning Region, Connecticut",5098,0.55
09120060500,5608990,17867,9,"Census Tract 605, Greater Bridgeport Planning Region, Connecticut",3156,1.39
09120060600,2941270,406934,9,"Census Tract 606, Greater Bridgeport Planning Region, Connecticut",2089,5.02
09120060700,5305269,46781,9,"Census Tract 607, Greater Bridgeport Planning Region, Connecticut",7987,1.69
09120060800,1423922,0,9,"Census Tract 608, Greater Bridgeport Planning Region, Connecticut",2265,4.03
09120060900,1496123,0,9,"Census Tract 609, Greater Bridgeport Planning Region, Connecticut",2680,0.69
09120061000,3329661,0,9,"Census Tract 610, Greater Bridgeport Planning Region, Connecticut",4189,6.33
09120061100,2707147,0,9,"Census Tract 611, Greater Bridgeport Planning Region, Connecticut",3850,0
09120061200,790582,0,9,"Census Tract 612, Greater Bridgeport Planning Region, Connecticut",2270,3.62
09120061300,1250954,0,9,"Census Tract 613, Greater Bridgeport Planning Region, Connecticut",2973,1.92
09120061400,1615561,0,9,"Census Tract 614, Greater Bridgeport Planning Region, Connecticut",3196,6.72
09120061500,3641728,540635,9,"Census Tract 615, Greater Bridgeport Planning Region, Connecticut",4823,0.45
09120061600,5229605,1752515,9,"Census Tract 616, Greater Bridgeport Planning Region, Connecticut",5207,9
09120070100,1692879,744658,9,"Census Tract 701, Greater Bridgeport Planning Region, Connecticut",6732,0
09120070200,843488,59847,9,"Census Tract 702, Greater Bridgeport Planning Region, Connecticut",4419,20.19
09120070300,1074850,214804,9,"Census Tract 703, Greater Bridgeport Planning Region, Connecticut",1277,31.91
09120070400,1742609,4461228,9,"Census Tract 704, Greater Bridgeport Planning Region, Connecticut",1926,9.09
09120070500,382635,0,9,"Census Tract 705, Greater Bridgeport Planning Region, Connecticut",1945,45.22
09120070600,1781953,365174,9,"Census Tract 706, Greater Bridgeport Planning Region, Connecticut",2697,14.99
09120070900,442261,0,9,"Census Tract 709, Greater Bridgeport Planning Region, Connecticut",2394,53.75
09120071000,1147984,0,9,"Census Tract 710, Greater Bridgeport Planning Region, Connecticut",2669,12.58
09120071100,662760,0,9,"Census Tract 711, Greater Bridgeport Planning Region, Connecticut",4278,20.25
09120071200,556437,0,9,"Census Tract 712, Greater Bridgeport Planning Region, Connecticut",5589,33.63
09120071300,309935,0,9,"Census Tract 713, Greater Bridgeport Planning Region, Connecticut",2635,7.89
09120071400,584774,0,9,"Census Tract 714, Greater Bridgeport Planning Region, Connecticut",4409,32.13
09120071600,172310,0,9,"Census Tract 716, Greater Bridgeport Planning Region, Connecticut",2309,36.11
09120071900,494024,0,9,"Census Tract 719, Greater Bridgeport Planning Region, Connecticut",4678,10.46
09120072000,687910,0,9,"Census Tract 720, Greater Bridgeport Planning Region, Connecticut",3691,18.38
09120072100,1296158,0,9,"Census Tract 721, Greater Bridgeport Planning Region, Connecticut",7005,10.05
09120072200,901411,0,9,"Census Tract 722, Greater Bridgeport Planning Region, Connecticut",4439,10.72
09120072300,917854,0,9,"Census Tract 723, Greater Bridgeport Planning Region, Connecticut",5627,12.26
09120072400,683636,0,9,"Census Tract 724, Greater Bridgeport Planning Region, Connecticut",3496,5.2
09120072500,1445637,0,9,"Census Tract 725, Greater Bridgeport Planning Region, Connecticut",6336,13.01
09120072600,3020530,3299,9,"Census Tract 726, Greater Bridgeport Planning Region, Connecticut",9045,10.62
09120072700,1796460,281360,9,"Census Tract 727, Greater Bridgeport Planning Region, Connecticut",4206,9.68
09120072800,1497269,0,9,"Census Tract 728, Greater Bridgeport Planning Region, Connecticut",4693,17.55
09120072900,2321220,134940,9,"Census Tract 729, Greater Bridgeport Planning Region, Connecticut",4739,11.99
09120073000,1201081,0,9,"Census Tract 730, Greater Bridgeport Planning Region, Connecticut",1887,0
09120073100,2887276,22088,9,"Census Tract 731, Greater Bridgeport Planning Region, Connecticut",4877,9.78
09120073200,877230,0,9,"Census Tract 732, Greater Bridgeport Planning Region, Connecticut",3999,25.53
09120073300,502620,0,9,"Census Tract 733, Greater Bridgeport Planning Region, Connecticut",3222,14.56
09120073400,1241390,20085,9,"Census Tract 734, Greater Bridgeport Planning Region, Connecticut",3183,23.09
09120073500,444174,17207,9,"Census Tract 735, Greater Bridgeport Planning Region, Connecticut",3098,25.71
09120073600,269194,0,9,"Census Tract 736, Greater Bridgeport Planning Region, Connecticut",2139,24.75
09120073700,881822,4891,9,"Census Tract 737, Greater Bridgeport Planning Region, Connecticut",4410,25.88
09120073800,527984,5532,9,"Census Tract 738, Greater Bridgeport Planning Region, Connecticut",1907,38.99
09120073900,510134,34332,9,"Census Tract 739, Greater Bridgeport Planning Region, Connecticut",3280,22.67
09120074000,944567,287380,9,"Census Tract 740, Greater Bridgeport Planning Region, Connecticut",2044,19.39
09120074300,1372825,80504,9,"Census Tract 743, Greater Bridgeport Planning Region, Connecticut",3987,33.96
09120074400,1951522,1929317,9,"Census Tract 744, Greater Bridgeport Planning Region, Connecticut",4326,20.76
09120080100,1198442,0,9,"Census Tract 801, Greater Bridgeport Planning Region, Connecticut",4664,9.58
09120080200,1338468,2977,9,"Census Tract 802, Greater Bridgeport Planning Region, Connecticut",3546,13.7
09120080400,3649098,98374,9,"Census Tract 804, Greater Bridgeport Planning Region, Connecticut",4451,3.49
09120080500,8345990,3881238,9,"Census Tract 805, Greater Bridgeport Planning Region, Connecticut",3795,5.98
09120080600,1707445,594288,9,"Census Tract 806, Greater Bridgeport Planning Region, Connecticut",2833,11.01
09120080700,1750427,283029,9,"Census Tract 807, Greater Bridgeport Planning Region, Connecticut",1952,2.26
09120080800,3268077,629719,9,"Census Tract 808, Greater Bridgeport Planning Region, Connecticut",5104,2.04
09120080900,1848471,0,9,"Census Tract 809, Greater Bridgeport Planning Region, Connecticut",5084,2.93
09120081000,2795938,0,9,"Census Tract 810, Greater Bridgeport Planning Region, Connecticut",4681,3.1
09120081100,3366225,0,9,"Census Tract 811, Greater Bridgeport Planning Region, Connecticut",4745,2.38
09120081200,6000772,435905,9,"Census Tract 812, Greater Bridgeport Planning Region, Connecticut",6146,1.98
09120081300,9979288,384421,9,"Census Tract 813, Greater Bridgeport Planning Region, Connecticut",5402,3.03
09120090100,8551041,87362,9,"Census Tract 901, Greater Bridgeport Planning Region, Connecticut",3008,2.85
09120090200,9739615,257766,9,"Census Tract 902, Greater Bridgeport Planning Region, Connecticut",8234,4.2
09120090300,4764507,0,9,"Census Tract 903, Greater Bridgeport Planning Region, Connecticut",4554,5.64
09120090400,7347827,0,9,"Census Tract 904, Greater Bridgeport Planning Region, Connecticut",6891,3.87
09120090500,8916506,35371,9,"Census Tract 905, Greater Bridgeport Planning Region, Connecticut",5111,3.25
09120090600,8077308,235157,9,"Census Tract 906, Greater Bridgeport Planning Region, Connecticut",3504,0
09120090700,12819470,7898,9,"Census Tract 907, Greater Bridgeport Planning Region, Connecticut",5626,5.74
09120100100,21959638,26341,9,"Census Tract 1001, Greater Bridgeport Planning Region, Connecticut",5466,2.87
09120100200,16376641,66768,9,"Census Tract 1002, Greater Bridgeport Planning Region, Connecticut",6637,2.93
09120100300,29186165,417988,9,"Census Tract 1003, Greater Bridgeport Planning Region, Connecticut",6730,0.98
09120105100,31856125,1290889,9,"Census Tract 1051, Greater Bridgeport Planning Region, Connecticut",4057,0
09120105200,39169961,1941105,9,"Census Tract 1052, Greater Bridgeport Planning Region, Connecticut",3555,9.23
09120257200,1537836,39122,9,"Census Tract 2572, Greater Bridgeport Planning Region, Connecticut",4419,26.69
09120990000,0,230554513,9,"Census Tract 9900, Greater Bridgeport Planning Region, Connecticut",0,
09130541100,1560653,126325,9,"Census Tract 5411, Lower Connecticut River Valley Planning Region, Connecticut",2144,14.06
09130541200,8848906,160514,9,"Census Tract 5412, Lower Connecticut River Valley Planning Region, Connecticut",5463,1
09130541301,1065043,0,9,"Census Tract 5413.01, Lower Connecticut River Valley Planning Region, Connecticut",1864,15.71
09130541302,1090277,0,9,"Census Tract 5413.02, Lower Connecticut River Valley Planning Region, Connecticut",3773,7.66
09130541401,22388715,185298,9,"Census Tract 5414.01, Lower Connecticut River Valley Planning Region, Connecticut",3350,2.25
09130541402,8009316,117558,9,"Census Tract 5414.02, Lower Connecticut River Valley Planning Region, Connecticut",5690,6.64
09130541500,1223466,914,9,"Census Tract 5415, Lower Connecticut River Valley Planning Region, Connecticut",3330,3.03
09130541600,676257,200773,9,"Census Tract 5416, Lower Connecticut River Valley Planning Region, Connecticut",1368,26.3
09130541700,1859404,134564,9,"Census Tract 5417, Lower Connecticut River Valley Planning Region, Connecticut",3684,26.32
09130542000,4055346,46026,9,"Census Tract 5420, Lower Connecticut River Valley Planning Region, Connecticut",4831,8.22
09130542100,4876226,105245,9,"Census Tract 5421, Lower Connecticut River Valley Planning Region, Connecticut",4025,10.1
09130542200,3806501,7061,9,"Census Tract 5422, Lower Connecticut River Valley Planning Region, Connecticut",1692,0
09130550100,32757816,2145839,9,"Census Tract 5501, Lower Connecticut River Valley Planning Region, Connecticut",6017,7.37
09130550201,32077115,0,9,"Census Tract 5502.01, Lower Connecticut River Valley Planning Region, Connecticut",3997,0
09130550202,27500688,1081821,9,"Census Tract 5502.02, Lower Connecticut River Valley Planning Region, Connecticut",2820,0
09130560100,54709142,2797188,9,"Census Tract 5601, Lower Connecticut River Valley Planning Region, Connecticut",5895,0.71
09130560200,5767184,1099114,9,"Census Tract 5602, Lower Connecticut River Valley Planning Region, Connecticut",3526,4.78
09130570100,10147045,57727,9,"Census Tract 5701, Lower Connecticut River Valley Planning Region, Connecticut",5178,1.65
09130570200,6431331,18619,9,"Census Tract 5702, Lower Connecticut River Valley Planning Region, Connecticut",3370,5.31
09130570300,15672804,1214999,9,"Census Tract 5703, Lower Connecticut River Valley Planning Region, Connecticut",5753,1.91
09130580100,32759592,1581755,9,"Census Tract 5801, Lower Connecticut River Valley Planning Region, Connecticut",4236,1.18
09130585100,61276966,395266,9,"Census Tract 5851, Lower Connecticut River Valley Planning Region, Connecticut",7182,1.52
09130590101,53429271,5442244,9,"Census Tract 5901.01, Lower Connecticut River Valley Planning Region, Connecticut",3825,2.11
09130590102,60366785,632142,9,"Census Tract 5901.02, Lower Connecticut River Valley Planning Region, Connecticut",4737,2.97
09130595101,88816450,2206060,9,"Census Tract 5951.01, Lower Connecticut River Valley Planning Region, Connecticut",3472,5.58
09130595102,51699559,3827724,9,"Census Tract 5951.02, Lower Connecticut River Valley Planning Region, Connecticut",5462,1.51
09130600100,41573119,2010913,9,"Census Tract 6001, Lower Connecticut River Valley Planning Region, Connecticut",3786,6.98
09130610100,5273485,2536626,9,"Census Tract 6101, Lower Connecticut River Valley Planning Region, Connecticut",2179,10.66
09130610200,8192788,4470427,9,"Census Tract 6102, Lower Connecticut River Valley Planning Region, Connecticut",3656,3.3
09130610300,16435816,223402,9,"Census Tract 6103, Lower Connecticut River Valley Planning Region, Connecticut",4250,1.35
09130610400,12073364,52873,9,"Census Tract 6104, Lower Connecticut River Valley Planning Region, Connecticut",3232,1.52
09130620100,35001764,1684245,9,"Census Tract 6201, Lower Connecticut River Valley Planning Region, Connecticut",4432,2.37
09130630101,16730087,345298,9,"Census Tract 6301.01, Lower Connecticut River Valley Planning Region, Connecticut",4041,1.37
09130630102,10212089,3418887,9,"Census Tract 6301.02, Lower Connecticut River Valley Planning Region, Connecticut",2725,0
09130640100,91506573,1170681,9,"Census Tract 6401, Lower Connecticut River Valley Planning Region, Connecticut",6219,0.65
09130650100,82353554,6919728,9,"Census Tract 6501, Lower Connecticut River Valley Planning Region, Connecticut",2356,2.06
09130660101,29356011,6721978,9,"Census Tract 6601.01, Lower Connecticut River Valley Planning Region, Connecticut",3386,1.94
09130660103,20531283,315132,9,"Census Tract 6601.03, Lower Connecticut River Valley Planning Region, Connecticut",2752,0.96
09130660104,9717710,8002167,9,"Census Tract 6601.04, Lower Connecticut River Valley Planning Region, Connecticut",1506,1.94
09130670100,25188555,4830189,9,"Census Tract 6701, Lower Connecticut River Valley Planning Region, Connecticut",5030,3.55
09130670200,13814587,12084886,9,"Census Tract 6702, Lower Connecticut River Valley Planning Region, Connecticut",5485,2.83
09130680101,30040880,604541,9,"Census Tract 6801.01, Lower Connecticut River Valley Planning Region, Connecticut",2922,2.49
09130680102,10803050,14350388,9,"Census Tract 6801.02, Lower Connecticut River Valley Planning Region, Connecticut",3910,2.1
09130680200,46775743,2403946,9,"Census Tract 6802, Lower Connecticut River Valley Planning Region, Connecticut",6432,7.26
09130990100,0,145359959,9,"Census Tract 9901, Lower Connecticut River Valley Planning Region, Connecticut",0,
09140110100,787597,87527,9,"Census Tract 1101, Naugatuck Valley Planning Region, Connecticut",3521,6.97
09140110201,3233210,397179,9,"Census Tract 1102.01, Naugatuck Valley Planning Region, Connecticut",5322,5.41
09140110202,10303622,558984,9,"Census Tract 1102.02, Naugatuck Valley Planning Region, Connecticut",5003,3.36
09140110301,10336294,86122,9,"Census Tract 1103.01, Naugatuck Valley Planning Region, Connecticut",6269,5.13
09140110302,7856027,1443071,9,"Census Tract 1103.02, Naugatuck Valley Planning Region, Connecticut",3195,4.78
09140110400,10838548,37032,9,"Census Tract 1104, Naugatuck Valley Planning Region, Connecticut",5084,4.39
09140110500,13074934,74156,9,"Census Tract 1105, Naugatuck Valley Planning Region, Connecticut",5166,1.07
09140110601,12597022,3411,9,"Census Tract 1106.01, Naugatuck Valley Planning Region, Connecticut",2642,2.96
09140110602,10307728,605373,9,"Census Tract 1106.02, Naugatuck Valley Planning Region, Connecticut",5200,0.94
09140120100,6215546,363897,9,"Census Tract 1201, Naugatuck Valley Planning Region, Connecticut",6426,5.3
09140120200,6878579,542471,9,"Census Tract 1202, Naugatuck Valley Planning Region, Connecticut",5933,2.46
09140125100,4155903,17738,9,"Census Tract 1251, Naugatuck Valley Planning Region, Connecticut",4237,6.9
09140125200,6249812,111626,9,"Census Tract 1252, Naugatuck Valley Planning Region, Connecticut",5843,8.3
09140125300,3245123,111625,9,"Census Tract 1253, Naugatuck Valley Planning Region, Connecticut",5105,4.27
09140125400,1937770,194211,9,"Census Tract 1254, Naugatuck Valley Planning Region, Connecticut",3766,7.21
09140130101,8614739,95472,9,"Census Tract 1301.01, Naugatuck Valley Planning Region, Connecticut",5110,7.28
09140130102,7464338,419365,9,"Census Tract 1301.02, Naugatuck Valley Planning Region, Connecticut",3516,3.17
09140130201,13489819,497091,9,"Census Tract 1302.01, Naugatuck Valley Planning Region, Connecticut",3896,3.24
09140130202,8032026,177924,9,"Census Tract 1302.02, Naugatuck Valley Planning Region, Connecticut",4277,1.69
09140341100,25055586,301401,9,"Census Tract 3411, Naugatuck Valley Planning Region, Connecticut",6089,3.8
09140342100,50181137,740227,9,"Census Tract 3421, Naugatuck Valley Planning Region, Connecticut",3398,0.96
09140343101,16786298,0,9,"Census Tract 3431.01, Naugatuck Valley Planning Region, Connecticut",5127,1.3
09140343102,11257182,1159728,9,"Census Tract 3431.02, Naugatuck Valley Planning Region, Connecticut",4179,0.62
09140343200,22367984,35360,9,"Census Tract 3432, Naugatuck Valley Planning Region, Connecticut",5930,1.25
09140343300,19600057,40439,9,"Census Tract 3433, Naugatuck Valley Planning Region, Connecticut",6474,2.62
09140343400,15034068,18802,9,"Census Tract 3434, Naugatuck Valley Planning Region, Connecticut",7142,3.31
09140344100,21431289,125103,9,"Census Tract 3441, Naugatuck Valley Planning Region, Connecticut",4697,4.95
09140344200,24557222,1659957,9,"Census Tract 3442, Naugatuck Valley Planning Region, Connecticut",3039,2.01
09140345100,8733918,133101,9,"Census Tract 3451, Naugatuck Valley Planning Region, Connecticut",6484,2.44
09140345201,8639895,67828,9,"Census Tract 3452.01, Naugatuck Valley Planning Region, Connecticut",7675,7.09
09140345202,4896144,8358,9,"Census Tract 3452.02, Naugatuck Valley Planning Region, Connecticut",3850,1.32
09140345300,13205041,0,9,"Census Tract 3453, Naugatuck Valley Planning Region, Connecticut",6555,2.83
09140345400,6960046,37266,9,"Census Tract 3454, Naugatuck Valley Planning Region, Connecticut",7070,2.73
09140346101,36321510,758418,9,"Census Tract 3461.01, Naugatuck Valley Planning Region, Connecticut",6875,0
09140346102,48488146,766788,9,"Census Tract 3461.02, Naugatuck Valley Planning Region, Connecticut",5995,2.37
09140347100,20707979,48569,9,"Census Tract 3471, Naugatuck Valley Planning Region, Connecticut",5710,0
09140347200,16073464,578146,9,"Census Tract 3472, Naugatuck Valley Planning Region, Connecticut",3704,3.07
09140348111,34914933,1921870,9,"Census Tract 3481.11, Naugatuck Valley Planning Region, Connecticut",2450,0.77
09140348122,20065075,0,9,"Census Tract 3481.22, Naugatuck Valley Planning Region, Connecticut",4271,0
09140348123,27816417,626657,9,"Census Tract 3481.23, Naugatuck Valley Planning Region, Connecticut",6054,0
09140348124,8124729,93812,9,"Census Tract 3481.24, Naugatuck Valley Planning Region, Connecticut",2425,0
09140348125,10102238,100961,9,"Census Tract 3481.25, Naugatuck Valley Planning Region, Connecticut",4773,0
09140349100,21900021,362870,9,"Census Tract 3491, Naugatuck Valley Planning Region, Connecticut",5277,0
09140349200,9150021,198878,9,"Census Tract 3492, Naugatuck Valley Planning Region, Connecticut",2199,0
09140350101,1175805,0,9,"Census Tract 3501.01, Naugatuck Valley Planning Region, Connecticut",4410,27.92
09140350200,678678,0,9,"Census Tract 3502, Naugatuck Valley Planning Region, Connecticut",3876,56.34
09140350300,447313,1964,9,"Census Tract 3503, Naugatuck Valley Planning Region, Connecticut",2237,20.97
09140350400,424642,0,9,"Census Tract 3504, Naugatuck Valley Planning Region, Connecticut",2735,29.47
09140350500,781540,0,9,"Census Tract 3505, Naugatuck Valley Planning Region, Connecticut",2836,57.56
09140350800,1067270,0,9,"Census Tract 3508, Naugatuck Valley Planning Region, Connecticut",5679,28.06
09140350900,761546,0,9,"Census Tract 3509, Naugatuck Valley Planning Region, Connecticut",2367,15.78
09140351000,1789925,19789,9,"Census Tract 3510, Naugatuck Valley Planning Region, Connecticut",4314,6.64
09140351100,4039359,273592,9,"Census Tract 3511, Naugatuck Valley Planning Region, Connecticut",4867,19.58
09140351200,1923625,8997,9,"Census Tract 3512, Naugatuck Valley Planning Region, Connecticut",3852,39.29
09140351300,2296209,5632,9,"Census Tract 3513, Naugatuck Valley Planning Region, Connecticut",5068,8.75
09140351400,1127600,0,9,"Census Tract 3514, Naugatuck Valley Planning Region, Connecticut",4759,15.42
09140351500,2803887,51450,9,"Census Tract 3515, Naugatuck Valley Planning Region, Connecticut",4862,15.53
09140351601,1153151,0,9,"Census Tract 3516.01, Naugatuck Valley Planning Region, Connecticut",3479,2.97
09140351602,3682071,0,9,"Census Tract 3516.02, Naugatuck Valley Planning Region, Connecticut",6226,13.69
09140351700,654165,0,9,"Census Tract 3517, Naugatuck Valley Planning Region, Connecticut",2771,26.27
09140351800,3670335,138454,9,"Census Tract 3518, Naugatuck Valley Planning Region, Connecticut",4156,3.86
09140351900,6943395,151596,9,"Census Tract 3519, Naugatuck Valley Planning Region, Connecticut",2546,1.57
09140352000,5530410,0,9,"Census Tract 3520, Naugatuck Valley Planning Region, Connecticut",4875,6.23
09140352100,1712572,0,9,"Census Tract 3521, Naugatuck Valley Planning Region, Connecticut",4259,15.22
09140352200,2106150,0,9,"Census Tract 3522, Naugatuck Valley Planning Region, Connecticut",2721,31.91
09140352300,6499107,195029,9,"Census Tract 3523, Naugatuck Valley Planning Region, Connecticut",2807,33.89
09140352400,4419962,6577,9,"Census Tract 3524, Naugatuck Valley Planning Region, Connecticut",3657,16.06
09140352500,3297841,59513,9,"Census Tract 3525, Naugatuck Valley Planning Region, Connecticut",3753,27.13
09140352600,2337814,0,9,"Census Tract 3526, Naugatuck Valley Planning Region, Connecticut",5265,10.6
09140352701,2954318,0,9,"Census Tract 3527.01, Naugatuck Valley Planning Region, Connecticut",3466,17.65
09140352702,2874849,28828,9,"Census Tract 3527.02, Naugatuck Valley Planning Region, Connecticut",5912,17.23
09140352800,6807663,152160,9,"Census Tract 3528, Naugatuck Valley Planning Region, Connecticut",6601,31.13
09140360100,9356037,31294,9,"Census Tract 3601, Naugatuck Valley Planning Region, Connecticut",5555,9.61
09140360200,54691517,1155588,9,"Census Tract 3602, Naugatuck Valley Planning Region, Connecticut",7453,3.89
09140360300,5692122,64803,9,"Census Tract 3603, Naugatuck Valley Planning Region, Connecticut",3315,2.75
09140360400,5399334,53284,9,"Census Tract 3604, Naugatuck Valley Planning Region, Connecticut",5848,1.27
09140361100,24533309,1219335,9,"Census Tract 3611, Naugatuck Valley Planning Region, Connecticut",6599,1.41
09140361200,9660030,280813,9,"Census Tract 3612, Naugatuck Valley Planning Region, Connecticut",5384,0.4
09140361300,18607368,262793,9,"Census Tract 3613, Naugatuck Valley Planning Region, Connecticut",4209,1.75
09140362101,25911010,297555,9,"Census Tract 3621.01, Naugatuck Valley Planning Region, Connecticut",4097,4.88
09140362102,68257470,439143,9,"Census Tract 3621.02, Naugatuck Valley Planning Region, Connecticut",5690,2.63
09140405100,2590234,8291,9,"Census Tract 4051, Naugatuck Valley Planning Region, Connecticut",3035,3.35
09140405200,3624472,0,9,"Census Tract 4052, Naugatuck Valley Planning Region, Connecticut",4285,4.71
09140405300,3493296,0,9,"Census Tract 4053, Naugatuck Valley Planning Region, Connecticut",5920,3.16
09140405401,3790820,9933,9,"Census Tract 4054.01, Naugatuck Valley Planning Region, Connecticut",3068,0.94
09140405402,4577504,34612,9,"Census Tract 4054.02, Naugatuck Valley Planning Region, Connecticut",4074,1.44
09140405500,8386618,84102,9,"Census Tract 4055, Naugatuck Valley Planning Region, Connecticut",5424,6.16
09140405600,7594394,368150,9,"Census Tract 4056, Naugatuck Valley Planning Region, Connecticut",7614,12.54
09140405700,3590066,77261,9,"Census Tract 4057, Naugatuck Valley Planning Region, Connecticut",2167,2.59
09140405801,3024884,0,9,"Census Tract 4058.01, Naugatuck Valley Planning Region, Connecticut",3337,8.68
09140405802,12469526,441349,9,"Census Tract 4058.02, Naugatuck Valley Planning Region, Connecticut",4741,0.65
09140405900,5300513,12334,9,"Census Tract 4059, Naugatuck Valley Planning Region, Connecticut",5078,2.26
09140406001,4260134,0,9,"Census Tract 4060.01, Naugatuck Valley Planning Region, Connecticut",4093,5.47
09140406002,3871218,0,9,"Census Tract 4060.02, Naugatuck Valley Planning Region, Connecticut",4482,0
09140406100,1800158,4983,9,"Census Tract 4061, Naugatuck Valley Planning Region, Connecticut",3811,12.03
09140425300,18086544,532974,9,"Census Tract 4253, Naugatuck Valley Planning Region, Connecticut",4062,3.76
09140425400,33944750,660137,9,"Census Tract 4254, Naugatuck Valley Planning Region, Connecticut",4711,4.18
09140425500,4642793,6744,9,"Census Tract 4255, Naugatuck Valley Planning Region, Connecticut",2942,1.67
09150708100,100924002,2137004,9,"Census Tract 7081, Northeastern Connecticut Planning Region, Connecticut",2587,6.45
09150815000,50222578,352486,9,"Census Tract 8150, Northeastern Connecticut Planning Region, Connecticut",2168,6.79
09150820000,64988483,1052941,9,"Census Tract 8200, Northeastern Connecticut Planning Region, Connecticut",1628,3.68
09150825000,48254860,131054,9,"Census Tract 8250, Northeastern Connecticut Planning Region, Connecticut",1524,3.59
09150830100,100392972,1832456,9,"Census Tract 8301, Northeastern Connecticut Planning Region, Connecticut",4220,3.7
09150890203,74720104,2514328,9,"Census Tract 8902.03, Northeastern Connecticut Planning Region, Connecticut",991,5.14
09150900100,69571047,2603558,9,"Census Tract 9001, Northeastern Connecticut Planning Region, Connecticut",4365,4.46
09150900200,51925313,1926527,9,"Census Tract 9002, Northeastern Connecticut Planning Region, Connecticut",4910,3.15
09150901101,44717207,1635954,9,"Census Tract 9011.01, Northeastern Connecticut Planning Region, Connecticut",3103,0
09150901102,112448002,1434941,9,"Census Tract 9011.02, Northeastern Connecticut Planning Region, Connecticut",5164,2.73
09150902200,74904508,891568,9,"Census Tract 9022, Northeastern Connecticut Planning Region, Connecticut",1616,6.01
09150902500,104451274,647536,9,"Census Tract 9025, Northeastern Connecticut Planning Region, Connecticut",4294,1.79
09150903101,3637100,54688,9,"Census Tract 9031.01, Northeastern Connecticut Planning Region, Connecticut",3497,12.56
09150903102,5287459,70833,9,"Census Tract 9031.02, Northeastern Connecticut Planning Region, Connecticut",3486,3.12
09150903200,43663480,156989,9,"Census Tract 9032, Northeastern Connecticut Planning Region, Connecticut",2273,2.74
09150904101,52681111,1398669,9,"Census Tract 9041.01, Northeastern Connecticut Planning Region, Connecticut",4628,0.79
09150904102,42221032,1093389,9,"Census Tract 9041.02, Northeastern Connecticut Planning Region, Connecticut",2493,3.33
09150904400,18929068,880329,9,"Census Tract 9044, Northeastern Connecticut Planning Region, Connecticut",4504,9.67
09150904500,11386437,554904,9,"Census Tract 9045, Northeastern Connecticut Planning Region, Connecticut",6160,17.86
09150905101,27110990,123376,9,"Census Tract 9051.01, Northeastern Connecticut Planning Region, Connecticut",4470,2.31
09150905102,48343835,158624,9,"Census Tract 9051.02, Northeastern Connecticut Planning Region, Connecticut",3986,0
09150906100,103456494,683775,9,"Census Tract 9061, Northeastern Connecticut Planning Region, Connecticut",5082,5.76
09150907100,34472892,812212,9,"Census Tract 9071, Northeastern Connecticut Planning Region, Connecticut",4366,2.46
09150907200,34872474,525523,9,"Census Tract 9072, Northeastern Connecticut Planning Region, Connecticut",5500,4.1
09150907300,40498714,142661,9,"Census Tract 9073, Northeastern Connecticut Planning Region, Connecticut",5213,9.94
09150908100,70499825,171521,9,"Census Tract 9081, Northeastern Connecticut Planning Region, Connecticut",3601,15.36
09160260200,50176807,268569,9,"Census Tract 2602, Northwest Hills Planning Region, Connecticut",3200,21.94
09160261100,148239632,7341280,9,"Census Tract 2611, Northwest Hills Planning Region, Connecticut",4206,3.49
09160262100,152201015,2058011,9,"Census Tract 2621, Northwest Hills Planning Region, Connecticut",2710,6.54
09160263200,119297429,656783,9,"Census Tract 2632, Northwest Hills Planning Region, Connecticut",1438,9.91
09160265100,68132140,3219783,9,"Census Tract 2651, Northwest Hills Planning Region, Connecticut",1474,2.63
09160266100,125813160,2676631,9,"Census Tract 2661, Northwest Hills Planning Region, Connecticut",3041,3.96
09160267100,98602270,1482946,9,"Census Tract 2671, Northwest Hills Planning Region, Connecticut",3648,8.72
09160268100,68102993,161539,9,"Census Tract 2681, Northwest Hills Planning Region, Connecticut",2184,0.69
09160290100,93896736,6671465,9,"Census Tract 2901, Northwest Hills Planning Region, Connecticut",3652,2.81
09160293100,81722366,3551365,9,"Census Tract 2931, Northwest Hills Planning Region, Connecticut",1463,3.84
09160296100,113004839,4028683,9,"Census Tract 2961, Northwest Hills Planning Region, Connecticut",3181,4.87
09160298300,17450384,183964,9,"Census Tract 2983, Northwest Hills Planning Region, Connecticut",2734,4.19
09160298400,62309180,712280,9,"Census Tract 2984, Northwest Hills Planning Region, Connecticut",2795,0.87
09160300100,54860268,660814,9,"Census Tract 3001, Northwest Hills Planning Region, Connecticut",2618,2.11
09160300400,30206485,33277,9,"Census Tract 3004, Northwest Hills Planning Region, Connecticut",2115,2.86
09160300500,60229321,1137200,9,"Census Tract 3005, Northwest Hills Planning Region, Connecticut",3516,1.34
09160303100,44961621,3518691,9,"Census Tract 3031, Northwest Hills Planning Region, Connecticut",2100,0
09160306100,95927210,2940726,9,"Census Tract 3061, Northwest Hills Planning Region, Connecticut",6684,0
09160310100,3364645,18317,9,"Census Tract 3101, Northwest Hills Planning Region, Connecticut",4124,4.38
09160310200,1374895,18411,9,"Census Tract 3102, Northwest Hills Planning Region, Connecticut",2569,9.41
09160310300,970255,0,9,"Census Tract 3103, Northwest Hills Planning Region, Connecticut",1633,12.8
09160310400,2018405,0,9,"Census Tract 3104, Northwest Hills Planning Region, Connecticut",2593,2.24
09160310500,1457647,0,9,"Census Tract 3105, Northwest Hills Planning Region, Connecticut",1902,0
09160310601,13575634,0,9,"Census Tract 3106.01, Northwest Hills Planning Region, Connecticut",3161,3.62
09160310602,6133422,0,9,"Census Tract 3106.02, Northwest Hills Planning Region, Connecticut",4385,9.39
09160310700,50039684,1269390,9,"Census Tract 3107, Northwest Hills Planning Region, Connecticut",4396,9.45
09160310801,4102152,4873,9,"Census Tract 3108.01, Northwest Hills Planning Region, Connecticut",2457,28.93
09160310803,5937149,0,9,"Census Tract 3108.03, Northwest Hills Planning Region, Connecticut",5462,10.03
09160310804,14008180,130419,9,"Census Tract 3108.04, Northwest Hills Planning Region, Connecticut",2799,13.4
09160320101,609064,0,9,"Census Tract 3201.01, Northwest Hills Planning Region, Connecticut",1499,27.41
09160320102,24821328,76895,9,"Census Tract 3201.02, Northwest Hills Planning Region, Connecticut",4403,5.91
09160320200,58783174,3309252,9,"Census Tract 3202, Northwest Hills Planning Region, Connecticut",4340,5.27
09160330100,85456173,3932194,9,"Census Tract 3301, Northwest Hills Planning Region, Connecticut",1881,1.11
09160410101,43821489,588924,9,"Census Tract 4101.01, Northwest Hills Planning Region, Connecticut",5397,1.16
09160410102,33106241,1247746,9,"Census Tract 4101.02, Northwest Hills Planning Region, Connecticut",4216,3.74
09160425601,117436917,2861078,9,"Census Tract 4256.01, Northwest Hills Planning Region, Connecticut",1732,6.45
09160425602,85242555,836406,9,"Census Tract 4256.02, Northwest Hills Planning Region, Connecticut",1140,19.19
09170140101,181172,0,9,"Census Tract 1401.01, South Central Connecticut Planning Region, Connecticut",1056,9.23
09170140102,506661,0,9,"Census Tract 1401.02, South Central Connecticut Planning Region, Connecticut",2704,18.47
09170140200,2025494,1619895,9,"Census Tract 1402, South Central Connecticut Planning Region, Connecticut",435,45.45
09170140300,719325,0,9,"Census Tract 1403, South Central Connecticut Planning Region, Connecticut",2623,18.06
09170140400,886631,472133,9,"Census Tract 1404, South Central Connecticut Planning Region, Connecticut",3511,9.21
09170140500,1016311,56739,9,"Census Tract 1405, South Central Connecticut Planning Region, Connecticut",3680,20.66
09170140600,742654,0,9,"Census Tract 1406, South Central Connecticut Planning Region, Connecticut",5002,40.84
09170140700,550604,0,9,"Census Tract 1407, South Central Connecticut Planning Region, Connecticut",3806,32.54
09170140800,1648799,115475,9,"Census Tract 1408, South Central Connecticut Planning Region, Connecticut",4021,40.67
09170140900,980990,0,9,"Census Tract 1409, South Central Connecticut Planning Region, Connecticut",5197,28.95
09170141000,1896847,7050,9,"Census Tract 1410, South Central Connecticut Planning Region, Connecticut",4093,5.93
09170141100,3869431,15739,9,"Census Tract 1411, South Central Connecticut Planning Region, Connecticut",3015,6.74
09170141200,1934378,18034,9,"Census Tract 1412, South Central Connecticut Planning Region, Connecticut",4474,20.09
09170141301,4021242,38905,9,"Census Tract 1413.01, South Central Connecticut Planning Region, Connecticut",6863,32.67
09170141400,1130319,0,9,"Census Tract 1414, South Central Connecticut Planning Region, Connecticut",6139,12.47
09170141500,1609634,18287,9,"Census Tract 1415, South Central Connecticut Planning Region, Connecticut",7289,14.69
09170141600,1068852,0,9,"Census Tract 1416, South Central Connecticut Planning Region, Connecticut",4907,23.45
09170141800,1463923,0,9,"Census Tract 1418, South Central Connecticut Planning Region, Connecticut",4200,5.53
09170141900,1335137,45356,9,"Census Tract 1419, South Central Connecticut Planning Region, Connecticut",5477,0
09170142000,665939,0,9,"Census Tract 1420, South Central Connecticut Planning Region, Connecticut",3488,7.66
09170142100,624051,0,9,"Census Tract 1421, South Central Connecticut Planning Region, Connecticut",1497,48.34
09170142200,874724,50439,9,"Census Tract 1422, South Central Connecticut Planning Region, Connecticut",1708,0
09170142300,1012178,240526,9,"Census Tract 1423, South Central Connecticut Planning Region, Connecticut",5465,32.46
09170142400,1144657,25761,9,"Census Tract 1424, South Central Connecticut Planning Region, Connecticut",5702,16.01
09170142500,1845830,276834,9,"Census Tract 1425, South Central Connecticut Planning Region, Connecticut",6183,10.7
09170142601,3815784,340551,9,"Census Tract 1426.01, South Central Connecticut Planning Region, Connecticut",5970,18.62
09170142604,1524437,88900,9,"Census Tract 1426.04, South Central Connecticut Planning Region, Connecticut",3252,20.17
09170142605,963007,0,9,"Census Tract 1426.05, South Central Connecticut Planning Region, Connecticut",4145,18.32
09170142700,3177377,739944,9,"Census Tract 1427, South Central Connecticut Planning Region, Connecticut",5592,31.58
09170142800,3973586,2312114,9,"Census Tract 1428, South Central Connecticut Planning Region, Connecticut",4965,0.73
09170150100,3165084,153797,9,"Census Tract 1501, South Central Connecticut Planning Region, Connecticut",4781,0
09170150200,2296786,3704431,9,"Census Tract 1502, South Central Connecticut Planning Region, Connecticut",3249,3.73
09170150300,3174930,36882,9,"Census Tract 1503, South Central Connecticut Planning Region, Connecticut",3692,1.52
09170150400,1638869,803084,9,"Census Tract 1504, South Central Connecticut Planning Region, Connecticut",3973,7.58
09170150500,4255061,2196698,9,"Census Tract 1505, South Central Connecticut Planning Region, Connecticut",4158,2.43
09170150600,10283453,838251,9,"Census Tract 1506, South Central Connecticut Planning Region, Connecticut",6509,2.17
09170150700,11471357,491296,9,"Census Tract 1507, South Central Connecticut Planning Region, Connecticut",4430,6.36
09170150800,5526507,37077,9,"Census Tract 1508, South Central Connecticut Planning Region, Connecticut",3946,2.44
09170150900,4476004,955137,9,"Census Tract 1509, South Central Connecticut Planning Region, Connecticut",3956,3.74
09170151000,2080477,905216,9,"Census Tract 1510, South Central Connecticut Planning Region, Connecticut",4104,1.77
09170151100,5668142,2373005,9,"Census Tract 1511, South Central Connecticut Planning Region, Connecticut",6355,0.13
09170151200,3407374,3033,9,"Census Tract 1512, South Central Connecticut Planning Region, Connecticut",3187,1.24
09170154101,2480923,43743,9,"Census Tract 1541.01, South Central Connecticut Planning Region, Connecticut",2734,4.44
09170154102,3915625,208070,9,"Census Tract 1541.02, South Central Connecticut Planning Region, Connecticut",5508,8.6
09170154200,3116828,0,9,"Census Tract 1542, South Central Connecticut Planning Region, Connecticut",6685,9.85
09170154500,1353040,129649,9,"Census Tract 1545, South Central Connecticut Planning Region, Connecticut",4761,12.23
09170154600,2219832,107161,9,"Census Tract 1546, South Central Connecticut Planning Region, Connecticut",4943,10.14
09170154700,5052069,367751,9,"Census Tract 1547, South Central Connecticut Planning Region, Connecticut",6613,4.9
09170154800,1958273,355039,9,"Census Tract 1548, South Central Connecticut Planning Region, Connecticut",4623,0
09170154900,1850369,0,9,"Census Tract 1549, South Central Connecticut Planning Region, Connecticut",3835,18.41
09170155000,1563727,1182829,9,"Census Tract 1550, South Central Connecticut Planning Region, Connecticut",5382,10.18
09170155100,1262790,785958,9,"Census Tract 1551, South Central Connecticut Planning Region, Connecticut",3214,2.31
09170157100,9341972,96412,9,"Census Tract 1571, South Central Connecticut Planning Region, Connecticut",2711,8.04
09170157200,9288029,63034,9,"Census Tract 1572, South Central Connecticut Planning Region, Connecticut",4061,1.93
09170157300,12104612,360991,9,"Census Tract 1573, South Central Connecticut Planning Region, Connecticut",3294,1.93
09170157400,13764151,95916,9,"Census Tract 1574, South Central Connecticut Planning Region, Connecticut",4185,2.35
09170160100,17443257,23631,9,"Census Tract 1601, South Central Connecticut Planning Region, Connecticut",3426,0.81
09170160200,31279070,948311,9,"Census Tract 1602, South Central Connecticut Planning Region, Connecticut",5615,1.16
09170161100,54564789,996204,9,"Census Tract 1611, South Central Connecticut Planning Region, Connecticut",5280,0
09170165100,4735203,582965,9,"Census Tract 1651, South Central Connecticut Planning Region, Connecticut",3636,6.81
09170165200,3546279,314643,9,"Census Tract 1652, South Central Connecticut Planning Region, Connecticut",2740,1.7
09170165300,1305527,219752,9,"Census Tract 1653, South Central Connecticut Planning Region, Connecticut",2482,4.95
09170165400,2866393,274185,9,"Census Tract 1654, South Central Connecticut Planning Region, Connecticut",5501,2.98
09170165500,1557265,0,9,"Census Tract 1655, South Central Connecticut Planning Region, Connecticut",4628,19.97
09170165600,2347325,0,9,"Census Tract 1656, South Central Connecticut Planning Region, Connecticut",5019,10.02
09170165700,2693531,4094,9,"Census Tract 1657, South Central Connecticut Planning Region, Connecticut",4516,0
09170165801,4153554,0,9,"Census Tract 1658.01, South Central Connecticut Planning Region, Connecticut",4849,8.6
09170165802,12882293,179713,9,"Census Tract 1658.02, South Central Connecticut Planning Region, Connecticut",4436,2.19
09170165900,27012406,29123,9,"Census Tract 1659, South Central Connecticut Planning Region, Connecticut",7855,0
09170166002,17299095,161580,9,"Census Tract 1660.02, South Central Connecticut Planning Region, Connecticut",7643,3.05
09170166003,2235070,0,9,"Census Tract 1660.03, South Central Connecticut Planning Region, Connecticut",2236,4.6
09170166004,1879908,0,9,"Census Tract 1660.04, South Central Connecticut Planning Region, Connecticut",4756,9.46
09170167101,12257993,247763,9,"Census Tract 1671.01, South Central Connecticut Planning Region, Connecticut",3730,3.25
09170167102,4211869,0,9,"Census Tract 1671.02, South Central Connecticut Planning Region, Connecticut",4368,0.4
09170167201,10336554,405041,9,"Census Tract 1672.01, South Central Connecticut Planning Region, Connecticut",4149,1.35
09170167202,9823534,55873,9,"Census Tract 1672.02, South Central Connecticut Planning Region, Connecticut",4336,1.4
09170167301,17344744,5776,9,"Census Tract 1673.01, South Central Connecticut Planning Region, Connecticut",7594,5.59
09170170100,475134,0,9,"Census Tract 1701, South Central Connecticut Planning Region, Connecticut",1385,38.36
09170170200,608828,0,9,"Census Tract 1702, South Central Connecticut Planning Region, Connecticut",1615,14.59
09170170300,875299,0,9,"Census Tract 1703, South Central Connecticut Planning Region, Connecticut",2318,22.58
09170170400,5445255,145129,9,"Census Tract 1704, South Central Connecticut Planning Region, Connecticut",1722,22.34
09170170500,7384516,412,9,"Census Tract 1705, South Central Connecticut Planning Region, Connecticut",5537,1.69
09170170600,2091525,285028,9,"Census Tract 1706, South Central Connecticut Planning Region, Connecticut",2702,4.33
09170170700,920217,0,9,"Census Tract 1707, South Central Connecticut Planning Region, Connecticut",2239,8.82
09170170800,3624563,466,9,"Census Tract 1708, South Central Connecticut Planning Region, Connecticut",6330,6.67
09170170900,707433,0,9,"Census Tract 1709, South Central Connecticut Planning Region, Connecticut",2763,22.78
09170171000,515426,0,9,"Census Tract 1710, South Central Connecticut Planning Region, Connecticut",1842,27.72
09170171100,4303802,0,9,"Census Tract 1711, South Central Connecticut Planning Region, Connecticut",5704,13.83
09170171201,5100362,0,9,"Census Tract 1712.01, South Central Connecticut Planning Region, Connecticut",4941,2.68
09170171202,7888634,106599,9,"Census Tract 1712.02, South Central Connecticut Planning Region, Connecticut",2961,2.75
09170171300,1958101,0,9,"Census Tract 1713, South Central Connecticut Planning Region, Connecticut",3944,18.34
09170171400,666493,0,9,"Census Tract 1714, South Central Connecticut Planning Region, Connecticut",2127,11.09
09170171500,1008353,0,9,"Census Tract 1715, South Central Connecticut Planning Region, Connecticut",3547,6.71
09170171600,7708802,237995,9,"Census Tract 1716, South Central Connecticut Planning Region, Connecticut",4704,8.15
09170171700,10183879,164815,9,"Census Tract 1717, South Central Connecticut Planning Region, Connecticut",4037,0
09170175100,1377939,0,9,"Census Tract 1751, South Central Connecticut Planning Region, Connecticut",2912,12.06
09170175200,838797,0,9,"Census Tract 1752, South Central Connecticut Planning Region, Connecticut",2508,7.95
09170175300,4271056,12183,9,"Census Tract 1753, South Central Connecticut Planning Region, Connecticut",4192,4.18
09170175400,10522379,310632,9,"Census Tract 1754, South Central Connecticut Planning Region, Connecticut",4270,1.52
09170175501,5058955,0,9,"Census Tract 1755.01, South Central Connecticut Planning Region, Connecticut",1831,3.17
09170175502,8698031,206055,9,"Census Tract 1755.02, South Central Connecticut Planning Region, Connecticut",5111,0
09170175600,6725037,0,9,"Census Tract 1756, South Central Connecticut Planning Region, Connecticut",5912,1
09170175700,5230372,58609,9,"Census Tract 1757, South Central Connecticut Planning Region, Connecticut",2059,13.93
09170175800,14396911,273927,9,"Census Tract 1758, South Central Connecticut Planning Region, Connecticut",4022,1.24
09170175900,5227304,16182,9,"Census Tract 1759, South Central Connecticut Planning Region, Connecticut",5089,1.2
09170176000,39086876,1270759,9,"Census Tract 1760, South Central Connecticut Planning Region, Connecticut",6133,0
09170180101,2729866,1078817,9,"Census Tract 1801.01, South Central Connecticut Planning Region, Connecticut",2094,0
09170180102,3276559,1155215,9,"Census Tract 1801.02, South Central Connecticut Planning Region, Connecticut",4656,0.87
09170180200,3535585,0,9,"Census Tract 1802, South Central Connecticut Planning Region, Connecticut",5377,5.78
09170180300,1754046,17973,9,"Census Tract 1803, South Central Connecticut Planning Region, Connecticut",2500,19.43
09170180400,4976820,333020,9,"Census Tract 1804, South Central Connecticut Planning Region, Connecticut",2384,11.67
09170180500,4126974,80208,9,"Census Tract 1805, South Central Connecticut Planning Region, Connecticut",4125,9.33
09170180601,3934803,429217,9,"Census Tract 1806.01, South Central Connecticut Planning Region, Connecticut",3461,4.11
09170180602,7512732,21543,9,"Census Tract 1806.02, South Central Connecticut Planning Region, Connecticut",3132,5.7
09170184101,3982632,162843,9,"Census Tract 1841.01, South Central Connecticut Planning Region, Connecticut",5298,12.13
09170184200,5271345,124552,9,"Census Tract 1842, South Central Connecticut Planning Region, Connecticut",4291,2.38
09170184300,4060103,2216307,9,"Census Tract 1843, South Central Connecticut Planning Region, Connecticut",4303,3.31
09170184400,4758338,5299702,9,"Census Tract 1844, South Central Connecticut Planning Region, Connecticut",2998,4
09170184500,5177200,56876,9,"Census Tract 1845, South Central Connecticut Planning Region, Connecticut",2661,0.66
09170184600,12521106,7033952,9,"Census Tract 1846, South Central Connecticut Planning Region, Connecticut",2746,0
09170184700,20797692,1035886,9,"Census Tract 1847, South Central Connecticut Planning Region, Connecticut",5793,0
09170186100,19746090,388280,9,"Census Tract 1861, South Central Connecticut Planning Region, Connecticut",6970,1.23
09170186200,44377362,4550909,9,"Census Tract 1862, South Central Connecticut Planning Region, Connecticut",6517,2.53
09170190100,8256222,685301,9,"Census Tract 1901, South Central Connecticut Planning Region, Connecticut",3037,2.96
09170190200,20159388,6215273,9,"Census Tract 1902, South Central Connecticut Planning Region, Connecticut",3425,1.21
09170190301,29364950,341938,9,"Census Tract 1903.01, South Central Connecticut Planning Region, Connecticut",6581,0
09170190302,20122834,340031,9,"Census Tract 1903.02, South Central Connecticut Planning Region, Connecticut",5590,2.07
09170190303,44029937,728673,9,"Census Tract 1903.03, South Central Connecticut Planning Region, Connecticut",3404,2.62
09170194101,8554618,1550954,9,"Census Tract 1941.01, South Central Connecticut Planning Region, Connecticut",2149,0
09170194102,8389699,1752779,9,"Census Tract 1941.02, South Central Connecticut Planning Region, Connecticut",2806,0
09170194201,47265521,190301,9,"Census Tract 1942.01, South Central Connecticut Planning Region, Connecticut",7061,0.92
09170194202,29412274,790459,9,"Census Tract 1942.02, South Central Connecticut Planning Region, Connecticut",5561,0.42
09170361401,425902,0,9,"Census Tract 3614.01, South Central Connecticut Planning Region, Connecticut",3563,8.45
09170361402,771198,0,9,"Census Tract 3614.02, South Central Connecticut Planning Region, Connecticut",2871,0
09170361500,3069153,52755,9,"Census Tract 3615, South Central Connecticut Planning Region, Connecticut",6849,15.92
09170990000,0,586791386,9,"Census Tract 9900, South Central Connecticut Planning Region, Connecticut",0,
09180690300,3685975,0,9,"Census Tract 6903, Southeastern Connecticut Planning Region, Connecticut",6345,19
09180690400,489965,0,9,"Census Tract 6904, Southeastern Connecticut Planning Region, Connecticut",2195,26.95
09180690500,971222,394888,9,"Census Tract 6905, Southeastern Connecticut Planning Region, Connecticut",2932,25.14
09180690700,1009236,952856,9,"Census Tract 6907, Southeastern Connecticut Planning Region, Connecticut",1283,17.69
09180690800,1237563,0,9,"Census Tract 6908, Southeastern Connecticut Planning Region, Connecticut",3687,7.2
09180690900,3229935,10220075,9,"Census Tract 6909, Southeastern Connecticut Planning Region, Connecticut",5382,7.64
09180693300,17867348,12274617,9,"Census Tract 6933, Southeastern Connecticut Planning Region, Connecticut",5293,1.07
09180693400,8004869,152957,9,"Census Tract 6934, Southeastern Connecticut Planning Region, Connecticut",4502,3.15
09180693500,13079902,15354183,9,"Census Tract 6935, Southeastern Connecticut Planning Region, Connecticut",3560,7.76
09180693600,11212514,1612801,9,"Census Tract 6936, Southeastern Connecticut Planning Region, Connecticut",3144,2.93
09180693700,34957752,1329403,9,"Census Tract 6937, Southeastern Connecticut Planning Region, Connecticut",3130,0
09180695201,41626233,812704,9,"Census Tract 6952.01, Southeastern Connecticut Planning Region, Connecticut",5204,7.55
09180695202,45002992,2153472,9,"Census Tract 6952.02, Southeastern Connecticut Planning Region, Connecticut",5648,0
09180696100,8291306,522413,9,"Census Tract 6961, Southeastern Connecticut Planning Region, Connecticut",5215,11.27
09180696200,27348329,454438,9,"Census Tract 6962, Southeastern Connecticut Planning Region, Connecticut",4958,0
09180696300,9058911,430813,9,"Census Tract 6963, Southeastern Connecticut Planning Region, Connecticut",3141,2.03
09180696401,5272209,376909,9,"Census Tract 6964.01, Southeastern Connecticut Planning Region, Connecticut",5622,22.1
09180696500,2823338,99898,9,"Census Tract 6965, Southeastern Connecticut Planning Region, Connecticut",2961,7.83
09180696600,7834654,31747,9,"Census Tract 6966, Southeastern Connecticut Planning Region, Connecticut",4109,5.52
09180696701,5188295,688495,9,"Census Tract 6967.01, Southeastern Connecticut Planning Region, Connecticut",5861,33.75
09180696800,1155658,99400,9,"Census Tract 6968, Southeastern Connecticut Planning Region, Connecticut",3402,22.57
09180697000,5707486,779720,9,"Census Tract 6970, Southeastern Connecticut Planning Region, Connecticut",4723,10.34
09180700100,79848696,2360639,9,"Census Tract 7001, Southeastern Connecticut Planning Region, Connecticut",4812,0.64
09180701100,69537755,1355192,9,"Census Tract 7011, Southeastern Connecticut Planning Region, Connecticut",8394,2.98
09180701200,28255542,3046686,9,"Census Tract 7012, Southeastern Connecticut Planning Region, Connecticut",7000,13
09180702100,22150937,889208,9,"Census Tract 7021, Southeastern Connecticut Planning Region, Connecticut",4367,1.99
09180702300,2652290,1149376,9,"Census Tract 7023, Southeastern Connecticut Planning Region, Connecticut",2455,3.65
09180702400,2654759,292884,9,"Census Tract 7024, Southeastern Connecticut Planning Region, Connecticut",3411,2.25
09180702500,2680171,552479,9,"Census Tract 7025, Southeastern Connecticut Planning Region, Connecticut",4500,36.39
09180702600,2443713,8499408,9,"Census Tract 7026, Southeastern Connecticut Planning Region, Connecticut",1224,1.2
09180702700,8333686,799911,9,"Census Tract 7027, Southeastern Connecticut Planning Region, Connecticut",5026,17.22
09180702800,12282138,562537,9,"Census Tract 7028, Southeastern Connecticut Planning Region, Connecticut",3833,1.79
09180702900,7700999,21585055,9,"Census Tract 7029, Southeastern Connecticut Planning Region, Connecticut",2314,2.95
09180703000,6218442,1503575,9,"Census Tract 7030, Southeastern Connecticut Planning Region, Connecticut",3650,1.76
09180705101,15545496,4226447,9,"Census Tract 7051.01, Southeastern Connecticut Planning Region, Connecticut",3979,2.05
09180705102,11011936,0,9,"Census Tract 7051.02, Southeastern Connecticut Planning Region, Connecticut",4236,5.04
09180705200,22468431,12586485,9,"Census Tract 7052, Southeastern Connecticut Planning Region, Connecticut",3661,7.19
09180705300,11356301,12437882,9,"Census Tract 7053, Southeastern Connecticut Planning Region, Connecticut",3660,0.62
09180705400,39693439,393127,9,"Census Tract 7054, Southeastern Connecticut Planning Region, Connecticut",2845,1.07
09180707100,140501875,1868223,9,"Census Tract 7071, Southeastern Connecticut Planning Region, Connecticut",5154,5.37
09180709100,77032883,4898064,9,"Census Tract 7091, Southeastern Connecticut Planning Region, Connecticut",6167,1.7
09180709200,12864261,1205965,9,"Census Tract 7092, Southeastern Connecticut Planning Region, Connecticut",5317,4.44
09180710100,42200264,1018780,9,"Census Tract 7101, Southeastern Connecticut Planning Region, Connecticut",4213,6.69
09180711100,34296090,1491928,9,"Census Tract 7111, Southeastern Connecticut Planning Region, Connecticut",2945,7.79
09180712100,51048739,222178,9,"Census Tract 7121, Southeastern Connecticut Planning Region, Connecticut",1925,3.48
09180713100,51708109,723331,9,"Census Tract 7131, Southeastern Connecticut Planning Region, Connecticut",2373,6.62
09180714101,12617992,0,9,"Census Tract 7141.01, Southeastern Connecticut Planning Region, Connecticut",4048,3.14
09180714103,67218720,1000607,9,"Census Tract 7141.03, Southeastern Connecticut Planning Region, Connecticut",6476,2.2
09180714104,46929919,1074385,9,"Census Tract 7141.04, Southeastern Connecticut Planning Region, Connecticut",4981,0.73
09180715100,74924895,2172864,9,"Census Tract 7151, Southeastern Connecticut Planning Region, Connecticut",4247,3.97
09180716101,28697551,588744,9,"Census Tract 7161.01, Southeastern Connecticut Planning Region, Connecticut",5384,1.37
09180716102,40596086,1222159,9,"Census Tract 7161.02, Southeastern Connecticut Planning Region, Connecticut",5506,3.89
09180800300,4333069,41620,9,"Census Tract 8003, Southeastern Connecticut Planning Region, Connecticut",6227,23.84
09180800400,5893651,6408,9,"Census Tract 8004, Southeastern Connecticut Planning Region, Connecticut",3794,13.4
09180800501,13626092,807244,9,"Census Tract 8005.01, Southeastern Connecticut Planning Region, Connecticut",3710,28.75
09180800502,42427986,1124985,9,"Census Tract 8005.02, Southeastern Connecticut Planning Region, Connecticut",2799,0
09180800600,1456494,153517,9,"Census Tract 8006, Southeastern Connecticut Planning Region, Connecticut",4028,25.51
09180800700,1796573,15149,9,"Census Tract 8007, Southeastern Connecticut Planning Region, Connecticut",3347,2.75
09180870100,140113258,2986571,9,"Census Tract 8701, Southeastern Connecticut Planning Region, Connecticut",7137,5.8
09180870200,12136935,365987,9,"Census Tract 8702, Southeastern Connecticut Planning Region, Connecticut",6002,7.72
09180870300,3897500,1339406,9,"Census Tract 8703, Southeastern Connecticut Planning Region, Connecticut",5375,32.14
09180870501,13469015,988231,9,"Census Tract 8705.01, Southeastern Connecticut Planning Region, Connecticut",4183,2.23
09180870502,8178265,1762802,9,"Census Tract 8705.02, Southeastern Connecticut Planning Region, Connecticut",2971,13.46
09180870701,6435668,597670,9,"Census Tract 8707.01, Southeastern Connecticut Planning Region, Connecticut",2071,1.07
09180870703,5659642,5845772,9,"Census Tract 8707.03, Southeastern Connecticut Planning Region, Connecticut",1523,4.45
09180870704,6715928,12405021,9,"Census Tract 8707.04, Southeastern Connecticut Planning Region, Connecticut",4154,1.45
09180980000,2495100,740942,9,"Census Tract 9800, Southeastern Connecticut Planning Region, Connecticut",1304,
09180990100,0,48811567,9,"Census Tract 9901, Southeastern Connecticut Planning Region, Connecticut",0,
09190010101,32765658,217746,9,"Census Tract 101.01, Western Connecticut Planning Region, Connecticut",4112,2.09
09190010102,32619575,1449252,9,"Census Tract 101.02, Western Connecticut Planning Region, Connecticut",4285,2.05
09190010201,11255057,140761,9,"Census Tract 102.01, Western Connecticut Planning Region, Connecticut",3437,5.51
09190010202,9845918,135916,9,"Census Tract 102.02, Western Connecticut Planning Region, Connecticut",5872,2.21
09190010300,9636411,37010,9,"Census Tract 103, Western Connecticut Planning Region, Connecticut",4439,0
09190010400,2699580,38416,9,"Census Tract 104, Western Connecticut Planning Region, Connecticut",5340,3.31
09190010500,1916409,11507,9,"Census Tract 105, Western Connecticut Planning Region, Connecticut",6180,11.4
09190010600,883179,0,9,"Census Tract 106, Western Connecticut Planning Region, Connecticut",1741,3.02
09190010700,1855240,87317,9,"Census Tract 107, Western Connecticut Planning Region, Connecticut",3619,2.44
09190010800,1857937,204390,9,"Census Tract 108, Western Connecticut Planning Region, Connecticut",3397,5.61
09190010900,2595072,102736,9,"Census Tract 109, Western Connecticut Planning Region, Connecticut",5494,3.52
09190011000,4473567,3841129,9,"Census Tract 110, Western Connecticut Planning Region, Connecticut",5361,1.99
09190011100,4370720,1985027,9,"Census Tract 111, Western Connecticut Planning Region, Connecticut",5265,0.52
09190011200,4903702,5042758,9,"Census Tract 112, Western Connecticut Planning Region, Connecticut",1801,3.68
09190011300,1919655,6714176,9,"Census Tract 113, Western Connecticut Planning Region, Connecticut",3162,0.54
09190020101,309714,0,9,"Census Tract 201.01, Western Connecticut Planning Region, Connecticut",2662,3.82
09190020102,638356,0,9,"Census Tract 201.02, Western Connecticut Planning Region, Connecticut",4467,1.31
09190020200,19346004,743384,9,"Census Tract 202, Western Connecticut Planning Region, Connecticut",3454,3.05
09190020301,11795062,765749,9,"Census Tract 203.01, Western Connecticut Planning Region, Connecticut",3442,0
09190020302,7879420,102459,9,"Census Tract 203.02, Western Connecticut Planning Region, Connecticut",3346,1.46
09190020400,9354092,401020,9,"Census Tract 204, Western Connecticut Planning Region, Connecticut",3219,0
09190020500,9236478,32460,9,"Census Tract 205, Western Connecticut Planning Region, Connecticut",4633,0.81
09190020600,3409879,11069,9,"Census Tract 206, Western Connecticut Planning Region, Connecticut",4587,2.75
09190020700,5804965,55870,9,"Census Tract 207, Western Connecticut Planning Region, Connecticut",3752,1.94
09190020800,2308451,0,9,"Census Tract 208, Western Connecticut Planning Region, Connecticut",2406,0
09190020900,1640220,0,9,"Census Tract 209, Western Connecticut Planning Region, Connecticut",5543,10.79
09190021000,1976607,0,9,"Census Tract 210, Western Connecticut Planning Region, Connecticut",3592,9.68
09190021100,1858959,0,9,"Census Tract 211, Western Connecticut Planning Region, Connecticut",5794,10.23
09190021200,2399974,0,9,"Census Tract 212, Western Connecticut Planning Region, Connecticut",3867,1.74
09190021300,2287341,0,9,"Census Tract 213, Western Connecticut Planning Region, Connecticut",4745,0
09190021401,543685,0,9,"Census Tract 214.01, Western Connecticut Planning Region, Connecticut",4292,13.97
09190021402,1120632,0,9,"Census Tract 214.02, Western Connecticut Planning Region, Connecticut",4375,15.33
09190021501,397807,0,9,"Census Tract 215.01, Western Connecticut Planning Region, Connecticut",4528,11.69
09190021502,346295,0,9,"Census Tract 215.02, Western Connecticut Planning Region, Connecticut",3344,5.29
09190021601,459686,0,9,"Census Tract 216.01, Western Connecticut Planning Region, Connecticut",3378,4.13
09190021602,324994,0,9,"Census Tract 216.02, Western Connecticut Planning Region, Connecticut",4777,4.67
09190021701,259960,0,9,"Census Tract 217.01, Western Connecticut Planning Region, Connecticut",4191,7.87
09190021702,505499,0,9,"Census Tract 217.02, Western Connecticut Planning Region, Connecticut",4808,9.92
09190021801,1033438,0,9,"Census Tract 218.01, Western Connecticut Planning Region, Connecticut",4696,5.79
09190021802,1397378,0,9,"Census Tract 218.02, Western Connecticut Planning Region, Connecticut",5322,5.97
09190021900,2155427,2385113,9,"Census Tract 219, Western Connecticut Planning Region, Connecticut",5966,10.83
09190022000,736436,0,9,"Census Tract 220, Western Connecticut Planning Region, Connecticut",3294,23.14
09190022101,566408,0,9,"Census Tract 221.01, Western Connecticut Planning Region, Connecticut",2498,26.99
09190022102,1453419,311983,9,"Census Tract 221.02, Western Connecticut Planning Region, Connecticut",4044,0
09190022201,598429,0,9,"Census Tract 222.01, Western Connecticut Planning Region, Connecticut",3345,11.99
09190022202,842319,228812,9,"Census Tract 222.02, Western Connecticut Planning Region, Connecticut",5355,2.46
09190022300,2724628,886469,9,"Census Tract 223, Western Connecticut Planning Region, Connecticut",6291,6.69
09190022400,1743336,2216785,9,"Census Tract 224, Western Connecticut Planning Region, Connecticut",1793,4.95
09190030100,11129324,27900,9,"Census Tract 301, Western Connecticut Planning Region, Connecticut",3225,3.16
09190030200,4379862,45814,9,"Census Tract 302, Western Connecticut Planning Region, Connecticut",3675,0
09190030300,8427195,5570784,9,"Census Tract 303, Western Connecticut Planning Region, Connecticut",4489,1.99
09190030400,3391739,0,9,"Census Tract 304, Western Connecticut Planning Region, Connecticut",4061,4.4
09190030500,5446368,5422,9,"Census Tract 305, Western Connecticut Planning Region, Connecticut",6233,5.41
09190035101,2200629,14027,9,"Census Tract 351.01, Western Connecticut Planning Region, Connecticut",4054,2.68
09190035102,4346949,115,9,"Census Tract 351.02, Western Connecticut Planning Region, Connecticut",3806,3.7
09190035200,17400725,508352,9,"Census Tract 352, Western Connecticut Planning Region, Connecticut",3241,4.13
09190035300,13444758,46232,9,"Census Tract 353, Western Connecticut Planning Region, Connecticut",4061,0.79
09190035400,20091019,282909,9,"Census Tract 354, Western Connecticut Planning Region, Connecticut",5542,1.17
09190042500,6252677,38740,9,"Census Tract 425, Western Connecticut Planning Region, Connecticut",3352,0.9
09190042600,2941030,0,9,"Census Tract 426, Western Connecticut Planning Region, Connecticut",4289,4.54
09190042700,4107177,43237,9,"Census Tract 427, Western Connecticut Planning Region, Connecticut",5630,6.95
09190042800,2440480,20942,9,"Census Tract 428, Western Connecticut Planning Region, Connecticut",4987,5.8
09190042900,3940799,6271,9,"Census Tract 429, Western Connecticut Planning Region, Connecticut",1428,0
09190043000,3028521,37313,9,"Census Tract 430, Western Connecticut Planning Region, Connecticut",3088,7.32
09190043100,6652728,58522,9,"Census Tract 431, Western Connecticut Planning Region, Connecticut",4480,1.25
09190043200,2769528,11056,9,"Census Tract 432, Western Connecticut Planning Region, Connecticut",3152,14.13
09190043300,1229595,31379,9,"Census Tract 433, Western Connecticut Planning Region, Connecticut",3185,6.26
09190043400,1358476,0,9,"Census Tract 434, Western Connecticut Planning Region, Connecticut",5130,4
09190043500,1837184,0,9,"Census Tract 435, Western Connecticut Planning Region, Connecticut",2303,14.7
09190043600,1451065,62914,9,"Census Tract 436, Western Connecticut Planning Region, Connecticut",3389,0
09190043700,1186979,66141,9,"Census Tract 437, Western Connecticut Planning Region, Connecticut",3602,16.01
09190043800,1944742,0,9,"Census Tract 438, Western Connecticut Planning Region, Connecticut",8308,11.88
09190043900,3443730,11403,9,"Census Tract 439, Western Connecticut Planning Region, Connecticut",5236,4.45
09190044000,1207845,0,9,"Census Tract 440, Western Connecticut Planning Region, Connecticut",6863,19.16
09190044100,956680,194115,9,"Census Tract 441, Western Connecticut Planning Region, Connecticut",3868,24.39
09190044200,1444752,309287,9,"Census Tract 442, Western Connecticut Planning Region, Connecticut",4106,3.23
09190044300,3883905,1198786,9,"Census Tract 443, Western Connecticut Planning Region, Connecticut",3922,0.82
09190044400,2650232,10614309,9,"Census Tract 444, Western Connecticut Planning Region, Connecticut",3998,17.21
09190044500,1287342,0,9,"Census Tract 445, Western Connecticut Planning Region, Connecticut",4022,12.28
09190044600,3259765,2028523,9,"Census Tract 446, Western Connecticut Planning Region, Connecticut",3037,0
09190045101,19680995,1153174,9,"Census Tract 451.01, Western Connecticut Planning Region, Connecticut",4172,2.27
09190045102,26683126,52703,9,"Census Tract 451.02, Western Connecticut Planning Region, Connecticut",5931,2.67
09190045200,8316069,0,9,"Census Tract 452, Western Connecticut Planning Region, Connecticut",2754,0
09190045300,7004133,33258,9,"Census Tract 453, Western Connecticut Planning Region, Connecticut",2462,1.5
09190045400,7692428,36965,9,"Census Tract 454, Western Connecticut Planning Region, Connecticut",3120,0
09190050100,8701513,113408,9,"Census Tract 501, Western Connecticut Planning Region, Connecticut",4318,1.71
09190050200,4878639,90789,9,"Census Tract 502, Western Connecticut Planning Region, Connecticut",3625,4.6
09190050301,7295115,13383,9,"Census Tract 503.01, Western Connecticut Planning Region, Connecticut",4250,2.82
09190050302,10316526,7329,9,"Census Tract 503.02, Western Connecticut Planning Region, Connecticut",4216,4.93
09190050400,3601406,10102279,9,"Census Tract 504, Western Connecticut Planning Region, Connecticut",2379,1.88
09190050500,6757886,2310469,9,"Census Tract 505, Western Connecticut Planning Region, Connecticut",5277,3.65
09190050600,10144081,2592137,9,"Census Tract 506, Western Connecticut Planning Region, Connecticut",3217,2.24
09190055100,34628962,2216980,9,"Census Tract 551, Western Connecticut Planning Region, Connecticut",5861,1.21
09190055200,16574870,124329,9,"Census Tract 552, Western Connecticut Planning Region, Connecticut",4474,0.44
09190200100,5056815,0,9,"Census Tract 2001, Western Connecticut Planning Region, Connecticut",4058,2.25
09190200200,5619062,0,9,"Census Tract 2002, Western Connecticut Planning Region, Connecticut",5800,3.62
09190200301,9898015,0,9,"Census Tract 2003.01, Western Connecticut Planning Region, Connecticut",5251,0.44
09190200302,23344298,156161,9,"Census Tract 2003.02, Western Connecticut Planning Region, Connecticut",5389,0.94
09190205100,9556780,518305,9,"Census Tract 2051, Western Connecticut Planning Region, Connecticut",4547,7.8
09190205200,24935139,1023319,9,"Census Tract 2052, Western Connecticut Planning Region, Connecticut",6913,2.03
09190205300,16623797,0,9,"Census Tract 2053, Western Connecticut Planning Region, Connecticut",6030,6.05
09190210101,695595,0,9,"Census Tract 2101.01, Western Connecticut Planning Region, Connecticut",2658,24.46
09190210102,612603,0,9,"Census Tract 2101.02, Western Connecticut Planning Region, Connecticut",3432,34.42
09190210201,1188242,0,9,"Census Tract 2102.01, Western Connecticut Planning Region, Connecticut",3248,7.29
09190210202,1191359,0,9,"Census Tract 2102.02, Western Connecticut Planning Region, Connecticut",3637,16.06
09190210300,2665744,0,9,"Census Tract 2103, Western Connecticut Planning Region, Connecticut",5477,9.93
09190210401,1886188,0,9,"Census Tract 2104.01, Western Connecticut Planning Region, Connecticut",4685,13.84
09190210402,5611963,0,9,"Census Tract 2104.02, Western Connecticut Planning Region, Connecticut",4087,4.16
09190210501,18673408,457312,9,"Census Tract 2105.01, Western Connecticut Planning Region, Connecticut",2982,0
09190210502,14728981,229663,9,"Census Tract 2105.02, Western Connecticut Planning Region, Connecticut",6618,1.78
09190210600,2634253,0,9,"Census Tract 2106, Western Connecticut Planning Region, Connecticut",7105,10.04
09190210701,1247002,0,9,"Census Tract 2107.01, Western Connecticut Planning Region, Connecticut",6293,21.78
09190210702,1307752,0,9,"Census Tract 2107.02, Western Connecticut Planning Region, Connecticut",4487,4.97
09190210800,16290361,1183857,9,"Census Tract 2108, Western Connecticut Planning Region, Connecticut",5985,2.97
09190210900,12781488,185296,9,"Census Tract 2109, Western Connecticut Planning Region, Connecticut",5519,2.94
09190211000,7080028,787556,9,"Census Tract 2110, Western Connecticut Planning Region, Connecticut",4227,3.32
09190211100,1544744,0,9,"Census Tract 2111, Western Connecticut Planning Region, Connecticut",979,0
09190211201,2279434,76368,9,"Census Tract 2112.01, Western Connecticut Planning Region, Connecticut",3202,11.73
09190211202,4285574,2066051,9,"Census Tract 2112.02, Western Connecticut Planning Region, Connecticut",2723,9.69
09190211300,4889025,472691,9,"Census Tract 2113, Western Connecticut Planning Region, Connecticut",3739,1.69
09190211400,7261551,348325,9,"Census Tract 2114, Western Connecticut Planning Region, Connecticut",5003,10.45
09190220100,10988038,339111,9,"Census Tract 2201, Western Connecticut Planning Region, Connecticut",5140,4.1
09190220200,30724448,506361,9,"Census Tract 2202, Western Connecticut Planning Region, Connecticut",4759,0.25
09190220300,11177481,11303892,9,"Census Tract 2203, Western Connecticut Planning Region, Connecticut",3659,2.25
09190230100,40190697,1650366,9,"Census Tract 2301, Western Connecticut Planning Region, Connecticut",7009,0
09190230200,5967206,0,9,"Census Tract 2302, Western Connecticut Planning Region, Connecticut",1968,0.72
09190230300,20675071,527819,9,"Census Tract 2303, Western Connecticut Planning Region, Connecticut",3240,3.42
09190230400,35422556,58143,9,"Census Tract 2304, Western Connecticut Planning Region, Connecticut",6107,1.69
09190230501,20289755,1287504,9,"Census Tract 2305.01, Western Connecticut Planning Region, Connecticut",4134,7.34
09190230502,26450969,129899,9,"Census Tract 2305.02, Western Connecticut Planning Region, Connecticut",4926,4.35
09190240100,34396263,224740,9,"Census Tract 2401, Western Connecticut Planning Region, Connecticut",4501,3.37
09190240200,47130890,1181866,9,"Census Tract 2402, Western Connecticut Planning Region, Connecticut",4255,3.41
09190245100,10354901,171931,9,"Census Tract 2451, Western Connecticut Planning Region, Connecticut",3078,0.97
09190245200,18979941,455830,9,"Census Tract 2452, Western Connecticut Planning Region, Connecticut",4343,3.08
09190245300,13656451,81428,9,"Census Tract 2453, Western Connecticut Planning Region, Connecticut",5516,1.13
09190245400,12763582,25832,9,"Census Tract 2454, Western Connecticut Planning Region, Connecticut",3449,1.01
09190245500,7574107,0,9,"Census Tract 2455, Western Connecticut Planning Region, Connecticut",2674,0
09190245600,26026379,554077,9,"Census Tract 2456, Western Connecticut Planning Region, Connecticut",5932,2.99
09190250100,42478578,2360514,9,"Census Tract 2501, Western Connecticut Planning Region, Connecticut",1670,1.54
09190253100,5075728,0,9,"Census Tract 2531, Western Connecticut Planning Region, Connecticut",3469,12.56
09190253200,30930437,293150,9,"Census Tract 2532, Western Connecticut Planning Region, Connecticut",7170,1.53
09190253400,37277698,4122562,9,"Census Tract 2534, Western Connecticut Planning Region, Connecticut",6309,0.31
09190253500,68802186,529044,9,"Census Tract 2535, Western Connecticut Planning Region, Connecticut",5956,14.47
09190257100,56757602,3967080,9,"Census Tract 2571, Western Connecticut Planning Region, Connecticut",3508,1.72
09190425700,17360267,672562,9,"Census Tract 4257, Western Connecticut Planning Region, Connecticut",5257,4.32
09190990000,0,194005248,9,"Census Tract 9900, Western Connecticut Planning Region, Connecticut",0,