FIPS,Name of Area,Qualifying Name,State/U.S.-Abbreviation (USPS),Summary Level,Geographic Component,File Identification,Logical Record Number,US,Region,Division,State (Census Code),State (FIPS),County,County Subdivision (FIPS),Place (FIPS Code),Place (State FIPS + Place FIPS),Census Tract,Block Group,Consolidated City,American Indian Area/Alaska Native Area/Hawaiian Home Land (Census),American Indian Area/Alaska Native Area/Hawaiian Home Land (FIPS),American Indian Trust Land/Hawaiian Home Land Indicator,American Indian Tribal Subdivision (Census),American Indian Tribal Subdivision (FIPS),Alaska Native Regional Corporation (FIPS),Metropolitan and Micropolitan Statistical Area,Combined Statistical Area,Metropolitan Division,Metropolitan Area Central City,Metropolitan/Micropolitan Indicator Flag,New England City and Town Combined Statistical Area,New England City and Town Area,New England City and Town Area Division,Urban Area,Urban Area Central Place,Current Congressional District ***,State Legislative District Upper,State Legislative District Lower,Voting District,ZIP Code Tabulation Area (3-digit),ZIP Code Tabulation Area (5-digit),Subbarrio (FIPS),School District (Elementary),School District (Secondary),School District (Unified),Urban/Rural,Principal City Indicator,Traffic Analysis Zone,Urban Growth Area,Public Use Microdata Area - 5% File,Public Use Microdata Area - 1% File,Geographic Identifier,Tribal Tract,Tribal Block Group,Area (Land),Area (Water),Total Population,Total Population:,Total Population: Male,Total Population: Female,Total Population:,Total Population: Under 5 Years,Total Population: 5 to 9 Years,Total Population: 10 to 14 Years,Total Population: 15 to 17 Years,Total Population: 18 to 24 Years,Total Population: 25 to 34 Years,Total Population: 35 to 44 Years,Total Population: 45 to 54 Years,Total Population: 55 to 64 Years,Total Population: 65 to 74 Years,Total Population: 75 to 84 Years,Total Population: 85 Years and Over,Total Population:,Total Population: White Alone,Total Population: Black or African American Alone,Total Population: American Indian and Alaska Native Alone,Total Population: Asian Alone,Total Population: Native Hawaiian and Other Pacific Islander Alone,Total Population: Some Other Race Alone,Total Population: Two or More Races
06075010100,Census Tract 101,"Census Tract 101, San Francisco County, California",ca,140,00,ACSSF,0008985,,,,,06,075,,,,010100,,,,,,,,,,,,,,,,,,,,,,,,,,,,,,,,,,,14000US06075010100,,,776490,646917,3850,3850,1688,2162,3850,75,48,209,80,205,1165,428,489,323,398,289,141,3850,1945,154,0,1163,0,491,97
06075010200,Census Tract 102,"Census Tract 102, San Francisco County, California",ca,140,00,ACSSF,0008986,,,,,06,075,,,,010200,,,,,,,,,,,,,,,,,,,,,,,,,,,,,,,,,,,14000US06075010200,,,515958,295388,4299,4299,2145,2154,4299,85,11,41,55,305,1239,587,432,566,447,357,174,4299,3444,60,0,574,9,57,155
06075010300,Census Tract 103,"Census Tract 103, San Francisco County, California",ca,140,00,ACSSF,0008987,,,,,06,075,,,,010300,,,,,,,,,,,,,,,,,,,,,,,,,,,,,,,,,,,14000US06075010300,,,268266,0,4229,4229,2350,1879,4229,57,128,165,19,203,1308,810,419,382,409,146,183,4229,2826,0,23,1233,0,83,64
06075010400,Census Tract 104,"Census Tract 104, San Francisco County, California",ca,140,00,ACSSF,0008988,,,,,06,075,,,,010400,,,,,,,,,,,,,,,,,,,,,,,,,,,,,,,,,,,14000US06075010400,,,335744,0,4430,4430,2205,2225,4430,141,159,130,0,225,1099,801,613,575,391,203,93,4430,2896,2,7,1153,28,0,344
06075010500,Census Tract 105,"Census Tract 105, San Francisco County, California",ca,140,00,ACSSF,0008989,,,,,06,075,,,,010500,,,,,,,,,,,,,,,,,,,,,,,,,,,,,,,,,,,14000US06075010500,,,683606,494314,2932,2932,1503,1429,2932,201,0,66,13,198,499,505,364,294,323,314,155,2932,1523,233,0,729,0,79,368
06075010600,Census Tract 106,"Census Tract 106, San Francisco County, California",ca,140,00,ACSSF,0008990,,,,,06,075,,,,010600,,,,,,,,,,,,,,,,,,,,,,,,,,,,,,,,,,,14000US06075010600,,,187223,0,3356,3356,1805,1551,3356,21,66,68,40,219,910,418,349,532,308,191,234,3356,1344,62,0,1886,0,9,55
06075010700,Census Tract 107,"Census Tract 107, San Francisco County, California",ca,140,00,ACSSF,0008991,,,,,06,075,,,,010700,,,,,,,,,,,,,,,,,,,,,,,,,,,,,,,,,,,14000US06075010700,,,183170,0,5522,5522,2453,3069,5522,152,103,174,96,373,996,623,625,934,575,519,352,5522,885,0,18,4332,0,249,38
06075010800,Census Tract 108,"Census Tract 108, San Francisco County, California",ca,140,00,ACSSF,0008992,,,,,06,075,,,,010800,,,,,,,,,,,,,,,,,,,,,,,,,,,,,,,,,,,14000US06075010800,,,226078,0,4860,4860,2384,2476,4860,234,102,66,61,324,1277,647,555,481,550,318,245,4860,2513,0,0,2144,0,34,169
06075010900,Census Tract 109,"Census Tract 109, San Francisco County, California",ca,140,00,ACSSF,0008993,,,,,06,075,,,,010900,,,,,,,,,,,,,,,,,,,,,,,,,,,,,,,,,,,14000US06075010900,,,250647,0,4510,4510,2280,2230,4510,46,47,84,0,176,1904,447,337,578,550,272,69,4510,3217,94,0,1046,0,23,130
06075011000,Census Tract 110,"Census Tract 110, San Francisco County, California",ca,140,00,ACSSF,0008994,,,,,06,075,,,,011000,,,,,,,,,,,,,,,,,,,,,,,,,,,,,,,,,,,14000US06075011000,,,239179,0,4792,4792,2111,2681,4792,74,9,61,0,250,2182,692,267,676,266,145,170,4792,2712,86,0,1884,0,97,13
06075011100,Census Tract 111,"Census Tract 111, San Francisco County, California",ca,140,00,ACSSF,0008995,,,,,06,075,,,,011100,,,,,,,,,,,,,,,,,,,,,,,,,,,,,,,,,,,14000US06075011100,,,247102,0,4778,4778,2452,2326,4778,133,27,0,0,284,1792,778,515,583,353,215,98,4778,2783,295,0,1385,0,97,218
06075011200,Census Tract 112,"Census Tract 112, San Francisco County, California",ca,140,00,ACSSF,0008996,,,,,06,075,,,,011200,,,,,,,,,,,,,,,,,,,,,,,,,,,,,,,,,,,14000US06075011200,,,177414,0,3459,3459,1637,1822,3459,24,69,57,52,159,950,419,523,375,463,206,162,3459,2107,140,6,1053,0,33,120
06075011300,Census Tract 113,"Census Tract 113, San Francisco County, California",ca,140,00,ACSSF,0008997,,,,,06,075,,,,011300,,,,,,,,,,,,,,,,,,,,,,,,,,,,,,,,,,,14000US06075011300,,,102299,0,3046,3046,1562,1484,3046,119,47,112,34,205,510,248,395,404,235,429,308,3046,496,85,36,2336,0,8,85
06075011700,Census Tract 117,"Census Tract 117, San Francisco County, California",ca,140,00,ACSSF,0008998,,,,,06,075,,,,011700,,,,,,,,,,,,,,,,,,,,,,,,,,,,,,,,,,,14000US06075011700,,,551749,0,1768,1768,1020,748,1768,41,32,18,8,131,343,290,321,270,151,157,6,1768,643,55,0,847,0,149,74
06075011800,Census Tract 118,"Census Tract 118, San Francisco County, California",ca,140,00,ACSSF,0008999,,,,,06,075,,,,011800,,,,,,,,,,,,,,,,,,,,,,,,,,,,,,,,,,,14000US06075011800,,,56564,0,1477,1477,725,752,1477,51,14,48,16,81,303,116,269,231,98,161,89,1477,146,1,10,1301,0,0,19
06075011901,Census Tract 119.01,"Census Tract 119.01, San Francisco County, California",ca,140,00,ACSSF,0009000,,,,,06,075,,,,011901,,,,,,,,,,,,,,,,,,,,,,,,,,,,,,,,,,,14000US06075011901,,,62294,0,2674,2674,1398,1276,2674,0,0,9,69,391,859,326,285,373,226,124,12,2674,1656,47,0,730,0,126,115
06075011902,Census Tract 119.02,"Census Tract 119.02, San Francisco County, California",ca,140,00,ACSSF,0009001,,,,,06,075,,,,011902,,,,,,,,,,,,,,,,,,,,,,,,,,,,,,,,,,,14000US06075011902,,,93053,0,2813,2813,1470,1343,2813,83,29,14,10,195,1066,502,379,190,212,111,22,2813,1633,46,0,810,26,147,151
06075012000,Census Tract 120,"Census Tract 120, San Francisco County, California",ca,140,00,ACSSF,0009002,,,,,06,075,,,,012000,,,,,,,,,,,,,,,,,,,,,,,,,,,,,,,,,,,14000US06075012000,,,125229,0,3993,3993,2482,1511,3993,31,47,44,49,310,1308,714,491,631,236,132,0,3993,1793,268,59,1344,0,240,289
06075012100,Census Tract 121,"Census Tract 121, San Francisco County, California",ca,140,00,ACSSF,0009003,,,,,06,075,,,,012100,,,,,,,,,,,,,,,,,,,,,,,,,,,,,,,,,,,14000US06075012100,,,123394,0,4002,4002,1830,2172,4002,82,3,11,33,944,1609,507,315,200,143,139,16,4002,2237,198,0,1120,0,162,285
06075012201,Census Tract 122.01,"Census Tract 122.01, San Francisco County, California",ca,140,00,ACSSF,0009004,,,,,06,075,,,,012201,,,,,,,,,,,,,,,,,,,,,,,,,,,,,,,,,,,14000US06075012201,,,92048,0,4638,4638,2937,1701,4638,109,177,39,70,401,1318,931,600,590,262,100,41,4638,1955,312,0,950,0,1082,339
06075012202,Census Tract 122.02,"Census Tract 122.02, San Francisco County, California",ca,140,00,ACSSF,0009005,,,,,06,075,,,,012202,,,,,,,,,,,,,,,,,,,,,,,,,,,,,,,,,,,14000US06075012202,,,92823,0,3525,3525,2321,1204,3525,57,115,37,64,179,816,717,596,466,332,114,32,3525,1485,481,21,977,12,307,242
06075012301,Census Tract 123.01,"Census Tract 123.01, San Francisco County, California",ca,140,00,ACSSF,0009006,,,,,06,075,,,,012301,,,,,,,,,,,,,,,,,,,,,,,,,,,,,,,,,,,14000US06075012301,,,92148,0,2116,2116,1129,987,2116,91,33,46,54,136,309,348,511,256,171,65,96,2116,975,223,7,679,0,180,52
06075012302,Census Tract 123.02,"Census Tract 123.02, San Francisco County, California",ca,140,00,ACSSF,0009007,,,,,06,075,,,,012302,,,,,,,,,,,,,,,,,,,,,,,,,,,,,,,,,,,14000US06075012302,,,92649,0,2621,2621,1510,1111,2621,23,25,0,34,320,800,490,378,368,53,73,57,2621,1199,148,0,781,7,354,132
06075012401,Census Tract 124.01,"Census Tract 124.01, San Francisco County, California",ca,140,00,ACSSF,0009008,,,,,06,075,,,,012401,,,,,,,,,,,,,,,,,,,,,,,,,,,,,,,,,,,14000US06075012401,,,91972,0,4782,4782,2838,1944,4782,261,43,228,160,373,855,882,676,866,272,133,33,4782,2136,433,45,1346,57,580,185
06075012402,Census Tract 124.02,"Census Tract 124.02, San Francisco County, California",ca,140,00,ACSSF,0009009,,,,,06,075,,,,012402,,,,,,,,,,,,,,,,,,,,,,,,,,,,,,,,,,,14000US06075012402,,,358024,0,4320,4320,2473,1847,4320,132,39,48,63,345,1510,667,596,432,302,107,79,4320,1903,374,4,1495,42,352,150
06075012501,Census Tract 125.01,"Census Tract 125.01, San Francisco County, California",ca,140,00,ACSSF,0009010,,,,,06,075,,,,012501,,,,,,,,,,,,,,,,,,,,,,,,,,,,,,,,,,,14000US06075012501,,,135257,0,4002,4002,2367,1635,4002,133,210,223,83,257,432,518,712,646,560,150,78,4002,1505,425,12,1286,0,557,217
06075012502,Census Tract 125.02,"Census Tract 125.02, San Francisco County, California",ca,140,00,ACSSF,0009011,,,,,06,075,,,,012502,,,,,,,,,,,,,,,,,,,,,,,,,,,,,,,,,,,14000US06075012502,,,61276,0,3584,3584,2037,1547,3584,132,0,27,5,140,297,707,405,709,562,472,128,3584,1032,428,10,1515,0,487,112
06075012601,Census Tract 126.01,"Census Tract 126.01, San Francisco County, California",ca,140,00,ACSSF,0009012,,,,,06,075,,,,012601,,,,,,,,,,,,,,,,,,,,,,,,,,,,,,,,,,,14000US06075012601,,,170458,0,2630,2630,1342,1288,2630,206,46,18,10,78,994,555,359,161,92,54,57,2630,2276,71,0,224,0,0,59
06075012602,Census Tract 126.02,"Census Tract 126.02, San Francisco County, California",ca,140,00,ACSSF,0009013,,,,,06,075,,,,012602,,,,,,,,,,,,,,,,,,,,,,,,,,,,,,,,,,,14000US06075012602,,,629712,544217,2688,2688,1207,1481,2688,209,73,43,11,108,998,519,228,222,94,121,62,2688,2258,14,0,375,0,13,28
06075012700,Census Tract 127,"Census Tract 127, San Francisco County, California",ca,140,00,ACSSF,0009014,,,,,06,075,,,,012700,,,,,,,,,,,,,,,,,,,,,,,,,,,,,,,,,,,14000US06075012700,,,437783,217992,4027,4027,1858,2169,4027,87,64,146,83,108,1198,712,604,309,262,293,161,4027,3303,25,0,365,19,116,199
06075012800,Census Tract 128,"Census Tract 128, San Francisco County, California",ca,140,00,ACSSF,0009015,,,,,06,075,,,,012800,,,,,,,,,,,,,,,,,,,,,,,,,,,,,,,,,,,14000US06075012800,,,497838,0,4436,4436,2099,2337,4436,362,185,104,1,81,1566,685,454,525,248,137,88,4436,4057,1,1,267,0,27,83
06075012901,Census Tract 129.01,"Census Tract 129.01, San Francisco County, California",ca,140,00,ACSSF,0009016,,,,,06,075,,,,012901,,,,,,,,,,,,,,,,,,,,,,,,,,,,,,,,,,,14000US06075012901,,,180870,0,2661,2661,1350,1311,2661,158,23,52,10,39,1194,485,258,193,164,14,71,2661,2210,1,25,242,23,51,109
06075012902,Census Tract 129.02,"Census Tract 129.02, San Francisco County, California",ca,140,00,ACSSF,0009017,,,,,06,075,,,,012902,,,,,,,,,,,,,,,,,,,,,,,,,,,,,,,,,,,14000US06075012902,,,352886,0,4026,4026,1719,2307,4026,74,150,64,0,622,1556,488,360,153,220,180,159,4026,3303,80,10,388,0,27,218
06075013000,Census Tract 130,"Census Tract 130, San Francisco County, California",ca,140,00,ACSSF,0009018,,,,,06,075,,,,013000,,,,,,,,,,,,,,,,,,,,,,,,,,,,,,,,,,,14000US06075013000,,,365819,0,4863,4863,2514,2349,4863,193,46,96,55,494,2024,711,383,277,431,119,34,4863,4196,0,36,420,0,38,173
06075013101,Census Tract 131.01,"Census Tract 131.01, San Francisco County, California",ca,140,00,ACSSF,0009019,,,,,06,075,,,,013101,,,,,,,,,,,,,,,,,,,,,,,,,,,,,,,,,,,14000US06075013101,,,173030,0,4139,4139,2028,2111,4139,254,35,27,14,310,1635,716,511,306,159,95,77,4139,3295,82,16,594,0,46,106
06075013102,Census Tract 131.02,"Census Tract 131.02, San Francisco County, California",ca,140,00,ACSSF,0009020,,,,,06,075,,,,013102,,,,,,,,,,,,,,,,,,,,,,,,,,,,,,,,,,,14000US06075013102,,,237886,0,2959,2959,1425,1534,2959,167,30,41,8,132,1227,521,295,164,224,96,54,2959,2063,23,0,616,11,78,168
06075013200,Census Tract 132,"Census Tract 132, San Francisco County, California",ca,140,00,ACSSF,0009021,,,,,06,075,,,,013200,,,,,,,,,,,,,,,,,,,,,,,,,,,,,,,,,,,14000US06075013200,,,546678,0,4274,4274,2259,2015,4274,187,268,183,60,78,773,897,562,473,545,218,30,4274,3389,131,0,604,0,114,36
06075013300,Census Tract 133,"Census Tract 133, San Francisco County, California",ca,140,00,ACSSF,0009022,,,,,06,075,,,,013300,,,,,,,,,,,,,,,,,,,,,,,,,,,,,,,,,,,14000US06075013300,,,581310,0,4729,4729,2092,2637,4729,396,224,220,73,329,763,676,580,620,372,332,144,4729,3453,103,0,694,14,166,299
06075013400,Census Tract 134,"Census Tract 134, San Francisco County, California",ca,140,00,ACSSF,0009023,,,,,06,075,,,,013400,,,,,,,,,,,,,,,,,,,,,,,,,,,,,,,,,,,14000US06075013400,,,354176,0,3880,3880,1787,2093,3880,105,125,152,90,97,1293,573,493,315,414,176,47,3880,2813,61,0,761,0,110,135
06075013500,Census Tract 135,"Census Tract 135, San Francisco County, California",ca,140,00,ACSSF,0009024,,,,,06,075,,,,013500,,,,,,,,,,,,,,,,,,,,,,,,,,,,,,,,,,,14000US06075013500,,,235184,0,2673,2673,1320,1353,2673,142,73,68,8,110,764,474,340,256,213,160,65,2673,1809,58,27,610,0,39,130
06075015100,Census Tract 151,"Census Tract 151, San Francisco County, California",ca,140,00,ACSSF,0009025,,,,,06,075,,,,015100,,,,,,,,,,,,,,,,,,,,,,,,,,,,,,,,,,,14000US06075015100,,,173860,0,2600,2600,1215,1385,2600,15,81,0,0,61,982,302,288,153,226,190,302,2600,1501,29,0,826,0,42,202
06075015200,Census Tract 152,"Census Tract 152, San Francisco County, California",ca,140,00,ACSSF,0009026,,,,,06,075,,,,015200,,,,,,,,,,,,,,,,,,,,,,,,,,,,,,,,,,,14000US06075015200,,,279195,0,4301,4301,1998,2303,4301,198,127,0,35,185,1381,692,454,251,399,323,256,4301,2685,226,0,1073,0,149,168
06075015300,Census Tract 153,"Census Tract 153, San Francisco County, California",ca,140,00,ACSSF,0009027,,,,,06,075,,,,015300,,,,,,,,,,,,,,,,,,,,,,,,,,,,,,,,,,,14000US06075015300,,,233721,0,2236,2236,1081,1155,2236,136,23,101,37,72,726,388,225,230,173,60,65,2236,1450,290,0,318,20,71,87
06075015400,Census Tract 154,"Census Tract 154, San Francisco County, California",ca,140,00,ACSSF,0009028,,,,,06,075,,,,015400,,,,,,,,,,,,,,,,,,,,,,,,,,,,,,,,,,,14000US06075015400,,,719491,0,5970,5970,2923,3047,5970,363,262,120,19,281,2070,872,620,685,447,142,89,5970,3859,72,1,1590,83,41,324
06075015500,Census Tract 155,"Census Tract 155, San Francisco County, California",ca,140,00,ACSSF,0009029,,,,,06,075,,,,015500,,,,,,,,,,,,,,,,,,,,,,,,,,,,,,,,,,,14000US06075015500,,,311339,0,3532,3532,1692,1840,3532,61,0,74,27,153,728,390,340,460,332,464,503,3532,1963,67,0,1279,41,2,180
06075015600,Census Tract 156,"Census Tract 156, San Francisco County, California",ca,140,00,ACSSF,0009030,,,,,06,075,,,,015600,,,,,,,,,,,,,,,,,,,,,,,,,,,,,,,,,,,14000US06075015600,,,293930,0,3432,3432,1680,1752,3432,197,134,100,65,361,767,453,338,407,355,190,65,3432,1970,71,0,1125,0,42,224
06075015700,Census Tract 157,"Census Tract 157, San Francisco County, California",ca,140,00,ACSSF,0009031,,,,,06,075,,,,015700,,,,,,,,,,,,,,,,,,,,,,,,,,,,,,,,,,,14000US06075015700,,,836664,0,8912,8912,4129,4783,8912,382,195,92,119,2818,2275,944,605,697,525,172,88,8912,4943,521,0,2067,12,631,738
06075015801,Census Tract 158.01,"Census Tract 158.01, San Francisco County, California",ca,140,00,ACSSF,0009032,,,,,06,075,,,,015801,,,,,,,,,,,,,,,,,,,,,,,,,,,,,,,,,,,14000US06075015801,,,343931,0,4164,4164,2106,2058,4164,300,362,204,89,148,876,778,394,352,411,162,88,4164,1818,1287,0,708,0,58,293
06075015802,Census Tract 158.02,"Census Tract 158.02, San Francisco County, California",ca,140,00,ACSSF,0009033,,,,,06,075,,,,015802,,,,,,,,,,,,,,,,,,,,,,,,,,,,,,,,,,,14000US06075015802,,,170744,0,3321,3321,1931,1390,3321,293,9,50,0,142,1236,661,470,165,208,66,21,3321,2233,225,0,247,12,204,400
06075015900,Census Tract 159,"Census Tract 159, San Francisco County, California",ca,140,00,ACSSF,0009034,,,,,06,075,,,,015900,,,,,,,,,,,,,,,,,,,,,,,,,,,,,,,,,,,14000US06075015900,,,296386,0,4563,4563,2333,2230,4563,99,84,135,96,498,1157,577,473,470,548,244,182,4563,1676,400,336,1873,12,52,214
06075016000,Census Tract 160,"Census Tract 160, San Francisco County, California",ca,140,00,ACSSF,0009035,,,,,06,075,,,,016000,,,,,,,,,,,,,,,,,,,,,,,,,,,,,,,,,,,14000US06075016000,,,157523,0,2850,2850,1600,1250,2850,46,0,7,0,270,757,364,212,462,396,194,142,2850,1634,272,0,692,0,68,184
06075016100,Census Tract 161,"Census Tract 161, San Francisco County, California",ca,140,00,ACSSF,0009036,,,,,06,075,,,,016100,,,,,,,,,,,,,,,,,,,,,,,,,,,,,,,,,,,14000US06075016100,,,368899,0,5140,5140,2426,2714,5140,81,190,270,100,402,1081,772,494,565,406,619,160,5140,1301,1660,2,1571,0,176,430
06075016200,Census Tract 162,"Census Tract 162, San Francisco County, California",ca,140,00,ACSSF,0009037,,,,,06,075,,,,016200,,,,,,,,,,,,,,,,,,,,,,,,,,,,,,,,,,,14000US06075016200,,,273256,0,3358,3358,2255,1103,3358,66,15,27,9,136,1156,820,324,467,201,124,13,3358,2224,137,0,767,9,75,146
06075016300,Census Tract 163,"Census Tract 163, San Francisco County, California",ca,140,00,ACSSF,0009038,,,,,06,075,,,,016300,,,,,,,,,,,,,,,,,,,,,,,,,,,,,,,,,,,14000US06075016300,,,245866,0,4745,4745,2679,2066,4745,237,148,77,39,269,1667,856,586,486,214,89,77,4745,3112,376,0,625,0,223,409
06075016400,Census Tract 164,"Census Tract 164, San Francisco County, California",ca,140,00,ACSSF,0009039,,,,,06,075,,,,016400,,,,,,,,,,,,,,,,,,,,,,,,,,,,,,,,,,,14000US06075016400,,,309099,0,4187,4187,2013,2174,4187,183,94,68,0,392,1682,697,421,260,222,91,77,4187,2835,350,25,466,0,103,408
06075016500,Census Tract 165,"Census Tract 165, San Francisco County, California",ca,140,00,ACSSF,0009040,,,,,06,075,,,,016500,,,,,,,,,,,,,,,,,,,,,,,,,,,,,,,,,,,14000US06075016500,,,370453,0,5487,5487,2364,3123,5487,247,119,95,17,318,2057,754,629,471,419,259,102,5487,3917,373,0,617,0,260,320
06075016600,Census Tract 166,"Census Tract 166, San Francisco County, California",ca,140,00,ACSSF,0009041,,,,,06,075,,,,016600,,,,,,,,,,,,,,,,,,,,,,,,,,,,,,,,,,,14000US06075016600,,,343168,0,5583,5583,3266,2317,5583,96,67,67,6,258,2713,774,499,547,350,166,40,5583,4343,252,26,719,20,12,211
06075016700,Census Tract 167,"Census Tract 167, San Francisco County, California",ca,140,00,ACSSF,0009042,,,,,06,075,,,,016700,,,,,,,,,,,,,,,,,,,,,,,,,,,,,,,,,,,14000US06075016700,,,490697,0,5225,5225,2664,2561,5225,197,61,48,114,326,1941,1093,768,362,175,104,36,5225,4330,216,0,403,0,40,236
06075016801,Census Tract 168.01,"Census Tract 168.01, San Francisco County, California",ca,140,00,ACSSF,0009043,,,,,06,075,,,,016801,,,,,,,,,,,,,,,,,,,,,,,,,,,,,,,,,,,14000US06075016801,,,226535,0,3746,3746,2243,1503,3746,106,50,35,28,161,1518,742,588,294,172,13,39,3746,2797,145,0,401,0,179,224
06075016802,Census Tract 168.02,"Census Tract 168.02, San Francisco County, California",ca,140,00,ACSSF,0009044,,,,,06,075,,,,016802,,,,,,,,,,,,,,,,,,,,,,,,,,,,,,,,,,,14000US06075016802,,,215074,0,3642,3642,2020,1622,3642,162,49,46,26,191,1240,865,336,397,221,85,24,3642,2122,299,41,784,0,304,92
06075016900,Census Tract 169,"Census Tract 169, San Francisco County, California",ca,140,00,ACSSF,0009045,,,,,06,075,,,,016900,,,,,,,,,,,,,,,,,,,,,,,,,,,,,,,,,,,14000US06075016900,,,294847,0,3191,3191,2063,1128,3191,137,56,87,35,71,1032,610,655,217,139,146,6,3191,2252,194,0,478,17,64,186
06075017000,Census Tract 170,"Census Tract 170, San Francisco County, California",ca,140,00,ACSSF,0009046,,,,,06,075,,,,017000,,,,,,,,,,,,,,,,,,,,,,,,,,,,,,,,,,,14000US06075017000,,,469547,0,4268,4268,2512,1756,4268,153,130,69,52,59,969,864,927,459,328,177,81,4268,3200,69,0,667,19,0,313
06075017101,Census Tract 171.01,"Census Tract 171.01, San Francisco County, California",ca,140,00,ACSSF,0009047,,,,,06,075,,,,017101,,,,,,,,,,,,,,,,,,,,,,,,,,,,,,,,,,,14000US06075017101,,,313382,0,3888,3888,2037,1851,3888,138,189,220,40,146,997,767,596,372,306,107,10,3888,3023,177,55,311,0,36,286
06075017102,Census Tract 171.02,"Census Tract 171.02, San Francisco County, California",ca,140,00,ACSSF,0009048,,,,,06,075,,,,017102,,,,,,,,,,,,,,,,,,,,,,,,,,,,,,,,,,,14000US06075017102,,,294894,0,3828,3828,1792,2036,3828,290,199,111,34,117,1120,799,481,298,224,87,68,3828,2887,120,1,417,0,168,235
06075017601,Census Tract 176.01,"Census Tract 176.01, San Francisco County, California",ca,140,00,ACSSF,0009049,,,,,06,075,,,,017601,,,,,,,,,,,,,,,,,,,,,,,,,,,,,,,,,,,14000US06075017601,,,633557,0,9244,9244,5737,3507,9244,40,421,224,59,983,2232,1368,1944,935,712,264,62,9244,2817,1189,44,3970,36,562,626
06075017700,Census Tract 177,"Census Tract 177, San Francisco County, California",ca,140,00,ACSSF,0009050,,,,,06,075,,,,017700,,,,,,,,,,,,,,,,,,,,,,,,,,,,,,,,,,,14000US06075017700,,,903842,0,1956,1956,1148,808,1956,106,34,58,39,121,682,395,226,121,107,67,0,1956,797,91,7,395,0,491,175
06075017801,Census Tract 178.01,"Census Tract 178.01, San Francisco County, California",ca,140,00,ACSSF,0009051,,,,,06,075,,,,017801,,,,,,,,,,,,,,,,,,,,,,,,,,,,,,,,,,,14000US06075017801,,,214052,0,3654,3654,1543,2111,3654,90,3,0,0,117,747,468,179,323,384,675,668,3654,1283,135,0,2129,0,30,77
06075017802,Census Tract 178.02,"Census Tract 178.02, San Francisco County, California",ca,140,00,ACSSF,0009052,,,,,06,075,,,,017802,,,,,,,,,,,,,,,,,,,,,,,,,,,,,,,,,,,14000US06075017802,,,510134,0,5782,5782,3365,2417,5782,200,114,182,80,467,1683,1015,1081,609,209,109,33,5782,2232,620,6,1808,60,763,293
06075017902,Census Tract 179.02,"Census Tract 179.02, San Francisco County, California",ca,140,00,ACSSF,0009053,,,,,06,075,,,,017902,,,,,,,,,,,,,,,,,,,,,,,,,,,,,,,,,,,14000US06075017902,,,2705146,123857178,3064,3064,1747,1317,3064,71,89,95,151,1013,737,350,203,258,90,7,0,3064,1191,621,41,365,81,430,335
06075018000,Census Tract 180,"Census Tract 180, San Francisco County, California",ca,140,00,ACSSF,0009054,,,,,06,075,,,,018000,,,,,,,,,,,,,,,,,,,,,,,,,,,,,,,,,,,14000US06075018000,,,937021,0,3091,3091,1958,1133,3091,47,63,20,8,222,958,595,595,416,146,11,10,3091,1558,382,27,753,19,131,221
06075020100,Census Tract 201,"Census Tract 201, San Francisco County, California",ca,140,00,ACSSF,0009055,,,,,06,075,,,,020100,,,,,,,,,,,,,,,,,,,,,,,,,,,,,,,,,,,14000US06075020100,,,445707,0,6039,6039,3423,2616,6039,195,72,120,86,234,1755,1168,991,744,231,348,95,6039,2887,345,67,1050,52,1202,436
06075020200,Census Tract 202,"Census Tract 202, San Francisco County, California",ca,140,00,ACSSF,0009056,,,,,06,075,,,,020200,,,,,,,,,,,,,,,,,,,,,,,,,,,,,,,,,,,14000US06075020200,,,338535,0,6181,6181,3630,2551,6181,175,138,189,103,224,1806,1220,779,708,406,304,129,6181,3451,195,8,1022,49,1016,440
06075020300,Census Tract 203,"Census Tract 203, San Francisco County, California",ca,140,00,ACSSF,0009057,,,,,06,075,,,,020300,,,,,,,,,,,,,,,,,,,,,,,,,,,,,,,,,,,14000US06075020300,,,285950,0,3413,3413,2104,1309,3413,102,82,27,11,230,1140,658,526,369,204,24,40,3413,2347,155,21,495,0,136,259
06075020401,Census Tract 204.01,"Census Tract 204.01, San Francisco County, California",ca,140,00,ACSSF,0009058,,,,,06,075,,,,020401,,,,,,,,,,,,,,,,,,,,,,,,,,,,,,,,,,,14000US06075020401,,,327217,0,3260,3260,2023,1237,3260,95,76,90,31,138,677,669,742,448,202,37,55,3260,2391,71,36,518,0,60,184
06075020402,Census Tract 204.02,"Census Tract 204.02, San Francisco County, California",ca,140,00,ACSSF,0009059,,,,,06,075,,,,020402,,,,,,,,,,,,,,,,,,,,,,,,,,,,,,,,,,,14000US06075020402,,,591322,0,4675,4675,2932,1743,4675,135,154,98,0,132,1579,906,651,382,414,192,32,4675,3293,64,0,715,0,386,217
06075020500,Census Tract 205,"Census Tract 205, San Francisco County, California",ca,140,00,ACSSF,0009060,,,,,06,075,,,,020500,,,,,,,,,,,,,,,,,,,,,,,,,,,,,,,,,,,14000US06075020500,,,276896,0,2949,2949,1908,1041,2949,114,111,51,37,97,700,473,647,388,280,27,24,2949,2325,96,0,394,0,56,78
06075020600,Census Tract 206,"Census Tract 206, San Francisco County, California",ca,140,00,ACSSF,0009061,,,,,06,075,,,,020600,,,,,,,,,,,,,,,,,,,,,,,,,,,,,,,,,,,14000US06075020600,,,567325,0,5203,5203,2967,2236,5203,336,107,41,8,127,1464,981,821,632,423,151,112,5203,3999,147,0,617,40,73,327
06075020700,Census Tract 207,"Census Tract 207, San Francisco County, California",ca,140,00,ACSSF,0009062,,,,,06,075,,,,020700,,,,,,,,,,,,,,,,,,,,,,,,,,,,,,,,,,,14000US06075020700,,,347105,0,5075,5075,2360,2715,5075,272,115,98,43,210,1609,1134,687,467,321,93,26,5075,3383,55,3,735,0,386,513
06075020800,Census Tract 208,"Census Tract 208, San Francisco County, California",ca,140,00,ACSSF,0009063,,,,,06,075,,,,020800,,,,,,,,,,,,,,,,,,,,,,,,,,,,,,,,,,,14000US06075020800,,,346098,0,6399,6399,3849,2550,6399,213,186,97,102,441,2230,1198,1028,429,230,119,126,6399,3345,97,81,1099,7,1487,283
06075020900,Census Tract 209,"Census Tract 209, San Francisco County, California",ca,140,00,ACSSF,0009064,,,,,06,075,,,,020900,,,,,,,,,,,,,,,,,,,,,,,,,,,,,,,,,,,14000US06075020900,,,312680,0,4746,4746,2500,2246,4746,106,198,107,37,346,1407,975,476,513,278,197,106,4746,2808,128,10,611,0,938,251
06075021000,Census Tract 210,"Census Tract 210, San Francisco County, California",ca,140,00,ACSSF,0009065,,,,,06,075,,,,021000,,,,,,,,,,,,,,,,,,,,,,,,,,,,,,,,,,,14000US06075021000,,,313017,0,4692,4692,2719,1973,4692,137,219,28,29,133,1477,1087,588,496,355,106,37,4692,3110,113,17,600,0,421,431
06075021100,Census Tract 211,"Census Tract 211, San Francisco County, California",ca,140,00,ACSSF,0009066,,,,,06,075,,,,021100,,,,,,,,,,,,,,,,,,,,,,,,,,,,,,,,,,,14000US06075021100,,,424230,0,4199,4199,2168,2031,4199,294,231,125,43,150,843,856,690,350,301,243,73,4199,3300,25,26,502,0,52,294
06075021200,Census Tract 212,"Census Tract 212, San Francisco County, California",ca,140,00,ACSSF,0009067,,,,,06,075,,,,021200,,,,,,,,,,,,,,,,,,,,,,,,,,,,,,,,,,,14000US06075021200,,,345793,0,3095,3095,1593,1502,3095,265,142,101,20,59,528,652,507,374,333,81,33,3095,2439,69,1,301,0,36,249
06075021300,Census Tract 213,"Census Tract 213, San Francisco County, California",ca,140,00,ACSSF,0009068,,,,,06,075,,,,021300,,,,,,,,,,,,,,,,,,,,,,,,,,,,,,,,,,,14000US06075021300,,,312361,0,2650,2650,1414,1236,2650,149,115,184,17,18,400,655,462,345,212,69,24,2650,1954,16,0,412,0,92,176
06075021400,Census Tract 214,"Census Tract 214, San Francisco County, California",ca,140,00,ACSSF,0009069,,,,,06,075,,,,021400,,,,,,,,,,,,,,,,,,,,,,,,,,,,,,,,,,,14000US06075021400,,,353319,0,3783,3783,1864,1919,3783,299,132,41,66,162,990,750,469,418,249,153,54,3783,2987,10,33,557,31,35,130
06075021500,Census Tract 215,"Census Tract 215, San Francisco County, California",ca,140,00,ACSSF,0009070,,,,,06,075,,,,021500,,,,,,,,,,,,,,,,,,,,,,,,,,,,,,,,,,,14000US06075021500,,,495278,0,5435,5435,2777,2658,5435,407,153,205,73,108,1168,1468,756,668,232,116,81,5435,4078,194,14,520,0,389,240
06075021600,Census Tract 216,"Census Tract 216, San Francisco County, California",ca,140,00,ACSSF,0009071,,,,,06,075,,,,021600,,,,,,,,,,,,,,,,,,,,,,,,,,,,,,,,,,,14000US06075021600,,,597916,0,4345,4345,2458,1887,4345,140,133,298,97,204,766,693,828,476,388,241,81,4345,2658,199,40,747,0,226,475
06075021700,Census Tract 217,"Census Tract 217, San Francisco County, California",ca,140,00,ACSSF,0009072,,,,,06,075,,,,021700,,,,,,,,,,,,,,,,,,,,,,,,,,,,,,,,,,,14000US06075021700,,,1229617,0,4309,4309,2240,2069,4309,352,204,262,115,174,471,678,705,543,489,213,103,4309,2498,339,0,977,0,237,258
06075021800,Census Tract 218,"Census Tract 218, San Francisco County, California",ca,140,00,ACSSF,0009073,,,,,06,075,,,,021800,,,,,,,,,,,,,,,,,,,,,,,,,,,,,,,,,,,14000US06075021800,,,500951,0,4332,4332,2216,2116,4332,346,296,88,68,316,612,879,554,538,495,89,51,4332,3215,166,0,447,0,181,323
06075022600,Census Tract 226,"Census Tract 226, San Francisco County, California",ca,140,00,ACSSF,0009074,,,,,06,075,,,,022600,,,,,,,,,,,,,,,,,,,,,,,,,,,,,,,,,,,14000US06075022600,,,1357738,503898,2648,2648,1448,1200,2648,190,79,63,10,94,1003,577,347,139,111,6,29,2648,1600,118,0,609,0,125,196
06075022702,Census Tract 227.02,"Census Tract 227.02, San Francisco County, California",ca,140,00,ACSSF,0009075,,,,,06,075,,,,022702,,,,,,,,,,,,,,,,,,,,,,,,,,,,,,,,,,,14000US06075022702,,,283840,0,2287,2287,1260,1027,2287,103,91,47,23,135,657,465,297,284,109,46,30,2287,1694,64,0,310,0,89,130
06075022704,Census Tract 227.04,"Census Tract 227.04, San Francisco County, California",ca,140,00,ACSSF,0009076,,,,,06,075,,,,022704,,,,,,,,,,,,,,,,,,,,,,,,,,,,,,,,,,,14000US06075022704,,,544609,0,3297,3297,1794,1503,3297,237,100,71,72,118,494,798,559,494,124,145,85,3297,2470,29,9,545,0,26,218
06075022801,Census Tract 228.01,"Census Tract 228.01, San Francisco County, California",ca,140,00,ACSSF,0009077,,,,,06,075,,,,022801,,,,,,,,,,,,,,,,,,,,,,,,,,,,,,,,,,,14000US06075022801,,,578057,0,5765,5765,3357,2408,5765,450,249,285,37,414,1382,1166,833,459,396,94,0,5765,2729,150,0,894,0,1711,281
06075022802,Census Tract 228.02,"Census Tract 228.02, San Francisco County, California",ca,140,00,ACSSF,0009078,,,,,06,075,,,,022802,,,,,,,,,,,,,,,,,,,,,,,,,,,,,,,,,,,14000US06075022802,,,291126,0,2329,2329,1133,1196,2329,95,31,51,70,158,503,430,299,299,230,76,87,2329,1090,133,6,376,0,608,116
06075022803,Census Tract 228.03,"Census Tract 228.03, San Francisco County, California",ca,140,00,ACSSF,0009079,,,,,06,075,,,,022803,,,,,,,,,,,,,,,,,,,,,,,,,,,,,,,,,,,14000US06075022803,,,282080,0,5117,5117,2772,2345,5117,162,185,217,132,499,1289,1008,866,364,247,59,89,5117,2857,157,0,690,0,1099,314
06075022901,Census Tract 229.01,"Census Tract 229.01, San Francisco County, California",ca,140,00,ACSSF,0009080,,,,,06,075,,,,022901,,,,,,,,,,,,,,,,,,,,,,,,,,,,,,,,,,,14000US06075022901,,,248905,0,5174,5174,2892,2282,5174,290,355,257,112,391,1433,827,799,390,161,89,70,5174,2335,90,38,290,0,2190,231
06075022902,Census Tract 229.02,"Census Tract 229.02, San Francisco County, California",ca,140,00,ACSSF,0009081,,,,,06,075,,,,022902,,,,,,,,,,,,,,,,,,,,,,,,,,,,,,,,,,,14000US06075022902,,,161833,0,2605,2605,1600,1005,2605,88,57,34,63,198,609,423,330,332,260,185,26,2605,1257,123,11,297,19,659,239
06075022903,Census Tract 229.03,"Census Tract 229.03, San Francisco County, California",ca,140,00,ACSSF,0009082,,,,,06,075,,,,022903,,,,,,,,,,,,,,,,,,,,,,,,,,,,,,,,,,,14000US06075022903,,,309622,0,3561,3561,1806,1755,3561,269,241,101,56,93,1180,723,297,295,180,79,47,3561,1567,90,69,418,12,1186,219
06075023001,Census Tract 230.01,"Census Tract 230.01, San Francisco County, California",ca,140,00,ACSSF,0009083,,,,,06,075,,,,023001,,,,,,,,,,,,,,,,,,,,,,,,,,,,,,,,,,,14000US06075023001,,,666063,0,5095,5095,2548,2547,5095,299,200,289,199,328,716,553,906,796,488,212,109,5095,387,563,14,3779,0,143,209
06075023003,Census Tract 230.03,"Census Tract 230.03, San Francisco County, California",ca,140,00,ACSSF,0009084,,,,,06,075,,,,023003,,,,,,,,,,,,,,,,,,,,,,,,,,,,,,,,,,,14000US06075023003,,,409146,0,3830,3830,1916,1914,3830,129,271,223,94,233,578,526,372,571,537,233,63,3830,648,812,13,1911,0,394,52
06075023102,Census Tract 231.02,"Census Tract 231.02, San Francisco County, California",ca,140,00,ACSSF,0009085,,,,,06,075,,,,023102,,,,,,,,,,,,,,,,,,,,,,,,,,,,,,,,,,,14000US06075023102,,,499233,0,4526,4526,1955,2571,4526,434,415,312,240,339,917,593,305,493,232,234,12,4526,241,2455,0,731,444,510,145
06075023103,Census Tract 231.03,"Census Tract 231.03, San Francisco County, California",ca,140,00,ACSSF,0009086,,,,,06,075,,,,023103,,,,,,,,,,,,,,,,,,,,,,,,,,,,,,,,,,,14000US06075023103,,,1255708,0,2654,2654,1060,1594,2654,317,379,226,126,248,409,273,291,250,60,75,0,2654,238,1404,0,296,167,195,354
06075023200,Census Tract 232,"Census Tract 232, San Francisco County, California",ca,140,00,ACSSF,0009087,,,,,06,075,,,,023200,,,,,,,,,,,,,,,,,,,,,,,,,,,,,,,,,,,14000US06075023200,,,856567,0,4179,4179,1904,2275,4179,249,231,185,173,375,697,563,528,691,263,85,139,4179,613,1197,7,650,0,1513,199
06075023300,Census Tract 233,"Census Tract 233, San Francisco County, California",ca,140,00,ACSSF,0009088,,,,,06,075,,,,023300,,,,,,,,,,,,,,,,,,,,,,,,,,,,,,,,,,,14000US06075023300,,,635979,0,3456,3456,1700,1756,3456,157,160,207,217,156,586,425,426,568,377,163,14,3456,416,396,0,2106,0,523,15
06075023400,Census Tract 234,"Census Tract 234, San Francisco County, California",ca,140,00,ACSSF,0009089,,,,,06,075,,,,023400,,,,,,,,,,,,,,,,,,,,,,,,,,,,,,,,,,,14000US06075023400,,,854096,0,3663,3663,1746,1917,3663,210,302,300,197,311,598,598,350,361,216,155,65,3663,322,732,0,732,143,1421,313
06075025100,Census Tract 251,"Census Tract 251, San Francisco County, California",ca,140,00,ACSSF,0009090,,,,,06,075,,,,025100,,,,,,,,,,,,,,,,,,,,,,,,,,,,,,,,,,,14000US06075025100,,,556958,0,3573,3573,1802,1771,3573,327,141,118,60,146,561,718,547,582,246,92,35,3573,2220,302,28,625,13,126,259
06075025200,Census Tract 252,"Census Tract 252, San Francisco County, California",ca,140,00,ACSSF,0009091,,,,,06,075,,,,025200,,,,,,,,,,,,,,,,,,,,,,,,,,,,,,,,,,,14000US06075025200,,,657048,0,5407,5407,2889,2518,5407,531,188,181,89,199,1222,908,558,889,413,130,99,5407,4073,55,33,523,17,477,229
06075025300,Census Tract 253,"Census Tract 253, San Francisco County, California",ca,140,00,ACSSF,0009092,,,,,06,075,,,,025300,,,,,,,,,,,,,,,,,,,,,,,,,,,,,,,,,,,14000US06075025300,,,383005,0,4819,4819,2617,2202,4819,338,224,108,80,287,972,1147,645,550,266,101,101,4819,2908,73,26,603,0,801,408
06075025401,Census Tract 254.01,"Census Tract 254.01, San Francisco County, California",ca,140,00,ACSSF,0009093,,,,,06,075,,,,025401,,,,,,,,,,,,,,,,,,,,,,,,,,,,,,,,,,,14000US06075025401,,,363715,12207,3725,3725,1828,1897,3725,173,125,233,87,267,718,660,712,460,191,50,49,3725,2273,142,2,429,0,660,219
06075025402,Census Tract 254.02,"Census Tract 254.02, San Francisco County, California",ca,140,00,ACSSF,0009094,,,,,06,075,,,,025402,,,,,,,,,,,,,,,,,,,,,,,,,,,,,,,,,,,14000US06075025402,,,300169,0,3284,3284,1617,1667,3284,179,121,104,116,83,436,691,504,441,404,159,46,3284,1642,93,76,1026,0,323,124
06075025403,Census Tract 254.03,"Census Tract 254.03, San Francisco County, California",ca,140,00,ACSSF,0009095,,,,,06,075,,,,025403,,,,,,,,,,,,,,,,,,,,,,,,,,,,,,,,,,,14000US06075025403,,,516564,0,5050,5050,2638,2412,5050,281,273,328,227,149,662,1107,814,629,251,243,86,5050,1857,570,0,1420,0,916,287
06075025500,Census Tract 255,"Census Tract 255, San Francisco County, California",ca,140,00,ACSSF,0009096,,,,,06,075,,,,025500,,,,,,,,,,,,,,,,,,,,,,,,,,,,,,,,,,,14000US06075025500,,,1076567,0,9754,9754,5003,4751,9754,592,444,333,377,501,1818,1178,1482,1030,1220,622,157,9754,3286,106,0,4090,0,1580,692
06075025600,Census Tract 256,"Census Tract 256, San Francisco County, California",ca,140,00,ACSSF,0009097,,,,,06,075,,,,025600,,,,,,,,,,,,,,,,,,,,,,,,,,,,,,,,,,,14000US06075025600,,,562530,0,5403,5403,2833,2570,5403,240,158,335,172,437,557,820,1042,681,492,290,179,5403,1023,103,94,3082,0,817,284
06075025701,Census Tract 257.01,"Census Tract 257.01, San Francisco County, California",ca,140,00,ACSSF,0009098,,,,,06,075,,,,025701,,,,,,,,,,,,,,,,,,,,,,,,,,,,,,,,,,,14000US06075025701,,,627371,0,5307,5307,2828,2479,5307,166,338,145,216,357,762,779,819,634,631,342,118,5307,1034,136,15,3305,9,749,59
06075025702,Census Tract 257.02,"Census Tract 257.02, San Francisco County, California",ca,140,00,ACSSF,0009099,,,,,06,075,,,,025702,,,,,,,,,,,,,,,,,,,,,,,,,,,,,,,,,,,14000US06075025702,,,533458,0,4427,4427,2019,2408,4427,194,197,237,148,314,640,586,612,610,493,240,156,4427,510,116,12,2658,39,977,115
06075025800,Census Tract 258,"Census Tract 258, San Francisco County, California",ca,140,00,ACSSF,0009100,,,,,06,075,,,,025800,,,,,,,,,,,,,,,,,,,,,,,,,,,,,,,,,,,14000US06075025800,,,241710,0,2020,2020,991,1029,2020,81,17,122,103,175,281,262,324,328,245,62,20,2020,436,143,42,1169,0,146,84
06075025900,Census Tract 259,"Census Tract 259, San Francisco County, California",ca,140,00,ACSSF,0009101,,,,,06,075,,,,025900,,,,,,,,,,,,,,,,,,,,,,,,,,,,,,,,,,,14000US06075025900,,,658503,81108,4809,4809,2319,2490,4809,250,250,126,148,282,966,597,635,743,432,236,144,4809,1441,460,16,2307,0,370,215
06075026001,Census Tract 260.01,"Census Tract 260.01, San Francisco County, California",ca,140,00,ACSSF,0009102,,,,,06,075,,,,026001,,,,,,,,,,,,,,,,,,,,,,,,,,,,,,,,,,,14000US06075026001,,,407294,0,6018,6018,2919,3099,6018,262,421,408,161,502,830,845,1128,765,446,131,119,6018,1503,134,18,2430,0,1599,334
06075026002,Census Tract 260.02,"Census Tract 260.02, San Francisco County, California",ca,140,00,ACSSF,0009103,,,,,06,075,,,,026002,,,,,,,,,,,,,,,,,,,,,,,,,,,,,,,,,,,14000US06075026002,,,357872,0,3527,3527,1826,1701,3527,114,144,179,121,236,576,419,600,444,338,125,231,3527,1282,190,6,1453,0,413,183
06075026003,Census Tract 260.03,"Census Tract 260.03, San Francisco County, California",ca,140,00,ACSSF,0009104,,,,,06,075,,,,026003,,,,,,,,,,,,,,,,,,,,,,,,,,,,,,,,,,,14000US06075026003,,,402979,0,5011,5011,2513,2498,5011,135,252,234,226,421,789,704,717,637,362,325,209,5011,1133,71,24,2102,0,1537,144
06075026004,Census Tract 260.04,"Census Tract 260.04, San Francisco County, California",ca,140,00,ACSSF,0009105,,,,,06,075,,,,026004,,,,,,,,,,,,,,,,,,,,,,,,,,,,,,,,,,,14000US06075026004,,,336229,0,5011,5011,2553,2458,5011,367,380,162,173,326,944,786,631,680,283,224,55,5011,1168,85,80,2351,12,1077,238
06075026100,Census Tract 261,"Census Tract 261, San Francisco County, California",ca,140,00,ACSSF,0009106,,,,,06,075,,,,026100,,,,,,,,,,,,,,,,,,,,,,,,,,,,,,,,,,,14000US06075026100,,,751208,0,7516,7516,3693,3823,7516,300,292,200,175,650,1502,869,1213,1223,676,274,142,7516,1298,85,11,4173,87,1600,262
06075026200,Census Tract 262,"Census Tract 262, San Francisco County, California",ca,140,00,ACSSF,0009107,,,,,06,075,,,,026200,,,,,,,,,,,,,,,,,,,,,,,,,,,,,,,,,,,14000US06075026200,,,774532,0,7583,7583,3704,3879,7583,166,331,469,207,635,1210,921,1138,1227,700,403,176,7583,758,126,14,5509,0,1019,157
06075026301,Census Tract 263.01,"Census Tract 263.01, San Francisco County, California",ca,140,00,ACSSF,0009108,,,,,06,075,,,,026301,,,,,,,,,,,,,,,,,,,,,,,,,,,,,,,,,,,14000US06075026301,,,367744,0,5246,5246,2592,2654,5246,162,309,257,111,289,968,708,652,859,604,211,116,5246,1174,37,6,3125,0,773,131
06075026302,Census Tract 263.02,"Census Tract 263.02, San Francisco County, California",ca,140,00,ACSSF,0009109,,,,,06,075,,,,026302,,,,,,,,,,,,,,,,,,,,,,,,,,,,,,,,,,,14000US06075026302,,,760317,0,5269,5269,2628,2641,5269,131,223,254,193,436,962,616,737,962,333,332,90,5269,1106,185,0,3020,0,548,410
06075026303,Census Tract 263.03,"Census Tract 263.03, San Francisco County, California",ca,140,00,ACSSF,0009110,,,,,06,075,,,,026303,,,,,,,,,,,,,,,,,,,,,,,,,,,,,,,,,,,14000US06075026303,,,426600,0,5216,5216,2612,2604,5216,278,229,219,103,302,889,469,1001,796,592,219,119,5216,883,26,3,2977,0,1267,60
06075026401,Census Tract 264.01,"Census Tract 264.01, San Francisco County, California",ca,140,00,ACSSF,0009111,,,,,06,075,,,,026401,,,,,,,,,,,,,,,,,,,,,,,,,,,,,,,,,,,14000US06075026401,,,341043,0,3548,3548,1663,1885,3548,217,111,179,143,316,420,458,350,679,301,221,153,3548,192,335,1,2560,29,367,64
06075026402,Census Tract 264.02,"Census Tract 264.02, San Francisco County, California",ca,140,00,ACSSF,0009112,,,,,06,075,,,,026402,,,,,,,,,,,,,,,,,,,,,,,,,,,,,,,,,,,14000US06075026402,,,414505,0,5164,5164,2593,2571,5164,433,218,180,94,525,955,724,698,816,259,155,107,5164,655,422,18,2420,0,1293,356
06075026403,Census Tract 264.03,"Census Tract 264.03, San Francisco County, California",ca,140,00,ACSSF,0009113,,,,,06,075,,,,026403,,,,,,,,,,,,,,,,,,,,,,,,,,,,,,,,,,,14000US06075026403,,,379382,0,3962,3962,2091,1871,3962,162,141,160,62,438,492,599,633,608,332,260,75,3962,757,126,0,2595,25,401,58
06075026404,Census Tract 264.04,"Census Tract 264.04, San Francisco County, California",ca,140,00,ACSSF,0009114,,,,,06,075,,,,026404,,,,,,,,,,,,,,,,,,,,,,,,,,,,,,,,,,,14000US06075026404,,,188349,0,2843,2843,1343,1500,2843,166,180,160,128,232,417,444,358,344,284,77,53,2843,383,339,0,1450,115,389,167
06075030101,Census Tract 301.01,"Census Tract 301.01, San Francisco County, California",ca,140,00,ACSSF,0009115,,,,,06,075,,,,030101,,,,,,,,,,,,,,,,,,,,,,,,,,,,,,,,,,,14000US06075030101,,,346434,0,5045,5045,2421,2624,5045,402,54,116,45,315,1680,929,582,530,245,101,46,5045,3183,55,51,1214,22,287,233
06075030102,Census Tract 301.02,"Census Tract 301.02, San Francisco County, California",ca,140,00,ACSSF,0009116,,,,,06,075,,,,030102,,,,,,,,,,,,,,,,,,,,,,,,,,,,,,,,,,,14000US06075030102,,,1260212,14870,5255,5255,2742,2513,5255,132,268,170,102,383,1448,836,759,476,310,176,195,5255,3850,115,0,1054,0,97,139
06075030201,Census Tract 302.01,"Census Tract 302.01, San Francisco County, California",ca,140,00,ACSSF,0009117,,,,,06,075,,,,030201,,,,,,,,,,,,,,,,,,,,,,,,,,,,,,,,,,,14000US06075030201,,,360958,0,4542,4542,2238,2304,4542,230,206,165,41,228,1304,900,535,331,403,115,84,4542,2402,135,0,1472,10,132,391
06075030202,Census Tract 302.02,"Census Tract 302.02, San Francisco County, California",ca,140,00,ACSSF,0009118,,,,,06,075,,,,030202,,,,,,,,,,,,,,,,,,,,,,,,,,,,,,,,,,,14000US06075030202,,,355664,0,4487,4487,1966,2521,4487,183,161,85,0,186,1538,942,390,434,465,17,86,4487,2498,117,0,1386,0,194,292
06075030301,Census Tract 303.01,"Census Tract 303.01, San Francisco County, California",ca,140,00,ACSSF,0009119,,,,,06,075,,,,030301,,,,,,,,,,,,,,,,,,,,,,,,,,,,,,,,,,,14000US06075030301,,,752520,0,5663,5663,2737,2926,5663,292,300,175,78,262,1341,744,867,428,719,170,287,5663,2489,119,0,2418,0,279,358
06075030302,Census Tract 303.02,"Census Tract 303.02, San Francisco County, California",ca,140,00,ACSSF,0009120,,,,,06,075,,,,030302,,,,,,,,,,,,,,,,,,,,,,,,,,,,,,,,,,,14000US06075030302,,,597811,0,4315,4315,2025,2290,4315,194,227,216,94,335,587,598,451,869,514,153,77,4315,1674,184,0,2244,0,19,194
06075030400,Census Tract 304,"Census Tract 304, San Francisco County, California",ca,140,00,ACSSF,0009121,,,,,06,075,,,,030400,,,,,,,,,,,,,,,,,,,,,,,,,,,,,,,,,,,14000US06075030400,,,973464,0,5641,5641,2625,3016,5641,478,281,236,96,341,779,876,846,720,536,322,130,5641,2902,179,4,1987,31,211,327
06075030500,Census Tract 305,"Census Tract 305, San Francisco County, California",ca,140,00,ACSSF,0009122,,,,,06,075,,,,030500,,,,,,,,,,,,,,,,,,,,,,,,,,,,,,,,,,,14000US06075030500,,,1087780,35670,3344,3344,1870,1474,3344,113,101,181,91,64,496,292,410,597,441,298,260,3344,1525,346,0,1024,44,150,255
06075030600,Census Tract 306,"Census Tract 306, San Francisco County, California",ca,140,00,ACSSF,0009123,,,,,06,075,,,,030600,,,,,,,,,,,,,,,,,,,,,,,,,,,,,,,,,,,14000US06075030600,,,521626,0,2516,2516,1273,1243,2516,183,151,168,105,92,209,366,418,366,233,132,93,2516,1411,26,0,645,0,195,239
06075030700,Census Tract 307,"Census Tract 307, San Francisco County, California",ca,140,00,ACSSF,0009124,,,,,06,075,,,,030700,,,,,,,,,,,,,,,,,,,,,,,,,,,,,,,,,,,14000US06075030700,,,1431899,9359,7022,7022,3749,3273,7022,511,289,394,194,239,636,1201,863,1169,754,493,279,7022,4231,321,46,1835,0,118,471
06075030800,Census Tract 308,"Census Tract 308, San Francisco County, California",ca,140,00,ACSSF,0009125,,,,,06,075,,,,030800,,,,,,,,,,,,,,,,,,,,,,,,,,,,,,,,,,,14000US06075030800,,,1243204,0,6584,6584,3143,3441,6584,323,265,378,144,331,795,879,1100,1007,836,332,194,6584,3670,314,14,2262,58,183,83
06075030900,Census Tract 309,"Census Tract 309, San Francisco County, California",ca,140,00,ACSSF,0009126,,,,,06,075,,,,030900,,,,,,,,,,,,,,,,,,,,,,,,,,,,,,,,,,,14000US06075030900,,,1853670,0,7314,7314,3623,3691,7314,145,415,516,323,819,542,791,1276,991,563,780,153,7314,3276,159,15,3221,0,182,461
06075031000,Census Tract 310,"Census Tract 310, San Francisco County, California",ca,140,00,ACSSF,0009127,,,,,06,075,,,,031000,,,,,,,,,,,,,,,,,,,,,,,,,,,,,,,,,,,14000US06075031000,,,819576,0,3520,3520,1620,1900,3520,264,168,164,109,166,259,479,472,613,472,269,85,3520,1793,80,7,1228,0,91,321
06075031100,Census Tract 311,"Census Tract 311, San Francisco County, California",ca,140,00,ACSSF,0009128,,,,,06,075,,,,031100,,,,,,,,,,,,,,,,,,,,,,,,,,,,,,,,,,,14000US06075031100,,,1078276,0,6899,6899,3399,3500,6899,367,245,271,182,556,1166,1189,802,750,844,373,154,6899,3743,90,0,2167,14,491,394
06075031201,Census Tract 312.01,"Census Tract 312.01, San Francisco County, California",ca,140,00,ACSSF,0009129,,,,,06,075,,,,031201,,,,,,,,,,,,,,,,,,,,,,,,,,,,,,,,,,,14000US06075031201,,,512112,0,7251,7251,3682,3569,7251,269,317,231,181,778,1428,972,1223,937,498,262,155,7251,1600,231,58,4291,0,745,326
06075031202,Census Tract 312.02,"Census Tract 312.02, San Francisco County, California",ca,140,00,ACSSF,0009130,,,,,06,075,,,,031202,,,,,,,,,,,,,,,,,,,,,,,,,,,,,,,,,,,14000US06075031202,,,309420,0,3515,3515,1882,1633,3515,179,137,170,117,425,517,452,589,436,303,153,37,3515,419,455,6,2073,38,224,300
06075031301,Census Tract 313.01,"Census Tract 313.01, San Francisco County, California",ca,140,00,ACSSF,0009131,,,,,06,075,,,,031301,,,,,,,,,,,,,,,,,,,,,,,,,,,,,,,,,,,14000US06075031301,,,451932,0,4510,4510,2275,2235,4510,128,216,200,131,476,671,462,768,619,432,262,145,4510,1066,861,34,2120,0,29,400
06075031302,Census Tract 313.02,"Census Tract 313.02, San Francisco County, California",ca,140,00,ACSSF,0009132,,,,,06,075,,,,031302,,,,,,,,,,,,,,,,,,,,,,,,,,,,,,,,,,,14000US06075031302,,,684969,0,6198,6198,3140,3058,6198,300,212,259,260,600,1066,915,906,752,555,250,123,6198,1192,753,0,3568,0,390,295
06075031400,Census Tract 314,"Census Tract 314, San Francisco County, California",ca,140,00,ACSSF,0009133,,,,,06,075,,,,031400,,,,,,,,,,,,,,,,,,,,,,,,,,,,,,,,,,,14000US06075031400,,,770543,0,6743,6743,3551,3192,6743,222,323,289,189,587,1394,676,1053,1113,443,303,151,6743,1188,1080,41,3341,15,872,206
06075032601,Census Tract 326.01,"Census Tract 326.01, San Francisco County, California",ca,140,00,ACSSF,0009134,,,,,06,075,,,,032601,,,,,,,,,,,,,,,,,,,,,,,,,,,,,,,,,,,14000US06075032601,,,417682,0,5404,5404,2894,2510,5404,196,209,265,133,402,1437,817,690,574,418,219,44,5404,1689,196,23,2755,29,117,595
06075032602,Census Tract 326.02,"Census Tract 326.02, San Francisco County, California",ca,140,00,ACSSF,0009135,,,,,06,075,,,,032602,,,,,,,,,,,,,,,,,,,,,,,,,,,,,,,,,,,14000US06075032602,,,472116,0,4891,4891,2294,2597,4891,204,193,246,88,299,995,659,574,645,473,210,305,4891,1575,9,0,2809,0,313,185
06075032700,Census Tract 327,"Census Tract 327, San Francisco County, California",ca,140,00,ACSSF,0009136,,,,,06,075,,,,032700,,,,,,,,,,,,,,,,,,,,,,,,,,,,,,,,,,,14000US06075032700,,,844707,0,6681,6681,3359,3322,6681,213,248,185,132,519,1294,657,1008,918,937,415,155,6681,2708,14,0,3236,76,203,444
06075032801,Census Tract 328.01,"Census Tract 328.01, San Francisco County, California",ca,140,00,ACSSF,0009137,,,,,06,075,,,,032801,,,,,,,,,,,,,,,,,,,,,,,,,,,,,,,,,,,14000US06075032801,,,585365,0,4396,4396,2090,2306,4396,166,123,225,48,242,990,368,644,595,423,389,183,4396,1275,132,0,2783,0,44,162
06075032802,Census Tract 328.02,"Census Tract 328.02, San Francisco County, California",ca,140,00,ACSSF,0009138,,,,,06,075,,,,032802,,,,,,,,,,,,,,,,,,,,,,,,,,,,,,,,,,,14000US06075032802,,,548900,97204,4355,4355,2021,2334,4355,150,146,163,157,406,887,478,671,521,472,228,76,4355,1152,102,14,2717,0,89,281
06075032901,Census Tract 329.01,"Census Tract 329.01, San Francisco County, California",ca,140,00,ACSSF,0009139,,,,,06,075,,,,032901,,,,,,,,,,,,,,,,,,,,,,,,,,,,,,,,,,,14000US06075032901,,,671900,0,5765,5765,2677,3088,5765,297,193,244,166,367,881,877,732,807,577,452,172,5765,1424,10,0,3645,36,278,372
06075032902,Census Tract 329.02,"Census Tract 329.02, San Francisco County, California",ca,140,00,ACSSF,0009140,,,,,06,075,,,,032902,,,,,,,,,,,,,,,,,,,,,,,,,,,,,,,,,,,14000US06075032902,,,504600,0,4211,4211,2084,2127,4211,178,209,138,134,191,650,659,474,679,464,283,152,4211,1069,0,0,2977,0,10,155
06075033000,Census Tract 330,"Census Tract 330, San Francisco County, California",ca,140,00,ACSSF,0009141,,,,,06,075,,,,033000,,,,,,,,,,,,,,,,,,,,,,,,,,,,,,,,,,,14000US06075033000,,,1503630,8871,8425,8425,4374,4051,8425,338,358,412,270,426,1572,1201,1148,715,1204,496,285,8425,3362,10,0,4333,0,267,453
06075033100,Census Tract 331,"Census Tract 331, San Francisco County, California",ca,140,00,ACSSF,0009142,,,,,06,075,,,,033100,,,,,,,,,,,,,,,,,,,,,,,,,,,,,,,,,,,14000US06075033100,,,895560,0,3861,3861,1903,1958,3861,160,237,166,107,170,483,405,565,640,487,253,188,3861,1592,30,0,1981,0,30,228
06075033201,Census Tract 332.01,"Census Tract 332.01, San Francisco County, California",ca,140,00,ACSSF,0009143,,,,,06,075,,,,033201,,,,,,,,,,,,,,,,,,,,,,,,,,,,,,,,,,,14000US06075033201,,,970828,0,4483,4483,1505,2978,4483,40,27,12,79,3576,310,112,75,100,88,37,27,4483,1715,370,14,1067,22,891,404
06075033203,Census Tract 332.03,"Census Tract 332.03, San Francisco County, California",ca,140,00,ACSSF,0009144,,,,,06,075,,,,033203,,,,,,,,,,,,,,,,,,,,,,,,,,,,,,,,,,,14000US06075033203,,,437679,0,3797,3797,1876,1921,3797,43,99,38,86,909,1022,373,395,383,296,71,82,3797,1871,320,0,1172,0,293,141
06075033204,Census Tract 332.04,"Census Tract 332.04, San Francisco County, California",ca,140,00,ACSSF,0009145,,,,,06,075,,,,033204,,,,,,,,,,,,,,,,,,,,,,,,,,,,,,,,,,,14000US06075033204,,,373253,0,4806,4806,2579,2227,4806,91,177,54,73,1627,1044,629,300,315,282,109,105,4806,1750,462,35,1482,0,873,204
06075035100,Census Tract 351,"Census Tract 351, San Francisco County, California",ca,140,00,ACSSF,0009146,,,,,06,075,,,,035100,,,,,,,,,,,,,,,,,,,,,,,,,,,,,,,,,,,14000US06075035100,,,925693,0,9053,9053,4141,4912,9053,535,481,312,264,473,1671,1506,1636,867,740,289,279,9053,2961,133,31,4669,0,65,1194
06075035201,Census Tract 352.01,"Census Tract 352.01, San Francisco County, California",ca,140,00,ACSSF,0009147,,,,,06,075,,,,035201,,,,,,,,,,,,,,,,,,,,,,,,,,,,,,,,,,,14000US06075035201,,,939755,630051,5987,5987,3130,2857,5987,366,279,253,110,383,1153,908,739,820,520,293,163,5987,2284,20,23,3213,0,154,293
06075035202,Census Tract 352.02,"Census Tract 352.02, San Francisco County, California",ca,140,00,ACSSF,0009148,,,,,06,075,,,,035202,,,,,,,,,,,,,,,,,,,,,,,,,,,,,,,,,,,14000US06075035202,,,372758,0,4960,4960,2703,2257,4960,293,149,140,178,279,1159,635,734,603,499,186,105,4960,2065,211,33,1800,162,356,333
06075035300,Census Tract 353,"Census Tract 353, San Francisco County, California",ca,140,00,ACSSF,0009149,,,,,06,075,,,,035300,,,,,,,,,,,,,,,,,,,,,,,,,,,,,,,,,,,14000US06075035300,,,1126337,0,7309,7309,3482,3827,7309,332,284,435,190,437,986,828,1167,1083,819,386,362,7309,2471,25,17,4307,17,180,292
06075035400,Census Tract 354,"Census Tract 354, San Francisco County, California",ca,140,00,ACSSF,0009150,,,,,06,075,,,,035400,,,,,,,,,,,,,,,,,,,,,,,,,,,,,,,,,,,14000US06075035400,,,1033599,557642,7112,7112,3381,3731,7112,331,326,242,100,334,1023,1189,1103,1038,603,470,353,7112,2502,202,0,3471,0,361,576
06075040100,Census Tract 401,"Census Tract 401, San Francisco County, California",ca,140,00,ACSSF,0009151,,,,,06,075,,,,040100,,,,,,,,,,,,,,,,,,,,,,,,,,,,,,,,,,,14000US06075040100,,,419128,0,4436,4436,2089,2347,4436,328,124,62,39,211,1448,728,438,409,350,196,103,4436,2546,67,0,1608,0,51,164
06075040200,Census Tract 402,"Census Tract 402, San Francisco County, California",ca,140,00,ACSSF,0009152,,,,,06,075,,,,040200,,,,,,,,,,,,,,,,,,,,,,,,,,,,,,,,,,,14000US06075040200,,,531470,0,5541,5541,2371,3170,5541,303,263,177,97,428,1042,985,695,588,417,391,155,5541,3304,0,0,1807,0,89,341
06075042601,Census Tract 426.01,"Census Tract 426.01, San Francisco County, California",ca,140,00,ACSSF,0009153,,,,,06,075,,,,042601,,,,,,,,,,,,,,,,,,,,,,,,,,,,,,,,,,,14000US06075042601,,,293133,0,3824,3824,1851,1973,3824,256,94,103,146,200,665,736,418,490,349,216,151,3824,1998,235,9,1277,0,52,253
06075042602,Census Tract 426.02,"Census Tract 426.02, San Francisco County, California",ca,140,00,ACSSF,0009154,,,,,06,075,,,,042602,,,,,,,,,,,,,,,,,,,,,,,,,,,,,,,,,,,14000US06075042602,,,332059,0,3022,3022,1484,1538,3022,281,46,113,21,124,557,577,351,329,345,196,82,3022,1676,22,0,1037,0,32,255
06075042700,Census Tract 427,"Census Tract 427, San Francisco County, California",ca,140,00,ACSSF,0009155,,,,,06,075,,,,042700,,,,,,,,,,,,,,,,,,,,,,,,,,,,,,,,,,,14000US06075042700,,,406940,0,5422,5422,2512,2910,5422,277,147,120,62,472,902,645,628,990,704,235,240,5422,2093,233,0,2705,24,110,257
06075042800,Census Tract 428,"Census Tract 428, San Francisco County, California",ca,140,00,ACSSF,0009156,,,,,06,075,,,,042800,,,,,,,,,,,,,,,,,,,,,,,,,,,,,,,,,,,14000US06075042800,,,551507,302821,2490,2490,1194,1296,2490,163,182,219,121,73,175,273,487,301,271,131,94,2490,1877,0,0,471,0,10,132
06075045100,Census Tract 451,"Census Tract 451, San Francisco County, California",ca,140,00,ACSSF,0009157,,,,,06,075,,,,045100,,,,,,,,,,,,,,,,,,,,,,,,,,,,,,,,,,,14000US06075045100,,,384459,0,5330,5330,2397,2933,5330,252,164,96,83,446,1832,674,498,695,245,244,101,5330,2890,115,5,1957,0,244,119
06075045200,Census Tract 452,"Census Tract 452, San Francisco County, California",ca,140,00,ACSSF,0009158,,,,,06,075,,,,045200,,,,,,,,,,,,,,,,,,,,,,,,,,,,,,,,,,,14000US06075045200,,,592224,0,6913,6913,3139,3774,6913,162,411,330,79,449,1622,1152,807,846,581,387,87,6913,3383,221,0,2608,0,77,624
06075047600,Census Tract 476,"Census Tract 476, San Francisco County, California",ca,140,00,ACSSF,0009159,,,,,06,075,,,,047600,,,,,,,,,,,,,,,,,,,,,,,,,,,,,,,,,,,14000US06075047600,,,531174,0,5605,5605,3035,2570,5605,247,205,155,141,489,962,760,950,778,461,237,220,5605,2412,76,1,2586,45,53,432
06075047701,Census Tract 477.01,"Census Tract 477.01, San Francisco County, California",ca,140,00,ACSSF,0009160,,,,,06,075,,,,047701,,,,,,,,,,,,,,,,,,,,,,,,,,,,,,,,,,,14000US06075047701,,,364728,0,4469,4469,2055,2414,4469,149,112,143,58,271,1002,754,414,770,322,292,182,4469,1806,0,0,2097,0,201,365
06075047702,Census Tract 477.02,"Census Tract 477.02, San Francisco County, California",ca,140,00,ACSSF,0009161,,,,,06,075,,,,047702,,,,,,,,,,,,,,,,,,,,,,,,,,,,,,,,,,,14000US06075047702,,,352786,0,3877,3877,1848,2029,3877,123,229,155,86,226,654,646,539,564,387,167,101,3877,1753,29,0,1880,0,44,171
06075047801,Census Tract 478.01,"Census Tract 478.01, San Francisco County, California",ca,140,00,ACSSF,0009162,,,,,06,075,,,,047801,,,,,,,,,,,,,,,,,,,,,,,,,,,,,,,,,,,14000US06075047801,,,476606,0,4521,4521,2182,2339,4521,268,125,142,128,320,682,609,586,687,467,320,187,4521,1697,88,7,2298,0,34,397
06075047802,Census Tract 478.02,"Census Tract 478.02, San Francisco County, California",ca,140,00,ACSSF,0009163,,,,,06,075,,,,047802,,,,,,,,,,,,,,,,,,,,,,,,,,,,,,,,,,,14000US06075047802,,,339448,0,3783,3783,1865,1918,3783,107,119,212,143,478,742,451,577,383,264,184,123,3783,1645,28,5,1827,14,156,108
06075047901,Census Tract 479.01,"Census Tract 479.01, San Francisco County, California",ca,140,00,ACSSF,0009164,,,,,06,075,,,,047901,,,,,,,,,,,,,,,,,,,,,,,,,,,,,,,,,,,14000US06075047901,,,1166617,4096057,7597,7597,3719,3878,7597,545,206,484,49,493,1079,1261,1262,839,742,414,223,7597,3216,87,0,3881,0,90,323
06075047902,Census Tract 479.02,"Census Tract 479.02, San Francisco County, California",ca,140,00,ACSSF,0009165,,,,,06,075,,,,047902,,,,,,,,,,,,,,,,,,,,,,,,,,,,,,,,,,,14000US06075047902,,,397735,0,3771,3771,1837,1934,3771,207,83,153,46,169,692,533,471,658,454,213,92,3771,1751,22,0,1503,0,39,456
06075060100,Census Tract 601,"Census Tract 601, San Francisco County, California",ca,140,00,ACSSF,0009166,,,,,06,075,,,,060100,,,,,,,,,,,,,,,,,,,,,,,,,,,,,,,,,,,14000US06075060100,,,6108835,20314176,4119,4119,1899,2220,4119,300,234,257,201,528,1092,621,454,298,110,0,24,4119,3111,42,0,322,0,313,331
06075060400,Census Tract 604,"Census Tract 604, San Francisco County, California",ca,140,00,ACSSF,0009167,,,,,06,075,,,,060400,,,,,,,,,,,,,,,,,,,,,,,,,,,,,,,,,,,14000US06075060400,,,4397436,2420402,1557,1557,712,845,1557,43,70,5,0,170,238,232,169,116,216,172,126,1557,907,66,8,462,0,58,56
06075060502,Census Tract 605.02,"Census Tract 605.02, San Francisco County, California",ca,140,00,ACSSF,0009168,,,,,06,075,,,,060502,,,,,,,,,,,,,,,,,,,,,,,,,,,,,,,,,,,14000US06075060502,,,276333,0,3488,3488,1636,1852,3488,233,381,377,146,356,467,414,460,363,192,65,34,3488,286,880,0,1278,133,805,106
06075060700,Census Tract 607,"Census Tract 607, San Francisco County, California",ca,140,00,ACSSF,0009169,,,,,06,075,,,,060700,,,,,,,,,,,,,,,,,,,,,,,,,,,,,,,,,,,14000US06075060700,,,2081991,844393,12180,12180,6023,6157,12180,792,279,311,203,820,4407,2851,842,725,616,301,33,12180,5024,612,92,5348,0,707,397
06075061000,Census Tract 610,"Census Tract 610, San Francisco County, California",ca,140,00,ACSSF,0009170,,,,,06,075,,,,061000,,,,,,,,,,,,,,,,,,,,,,,,,,,,,,,,,,,14000US06075061000,,,2169753,865060,4851,4851,2365,2486,4851,324,251,312,129,235,962,999,502,506,444,180,7,4851,707,762,0,2827,0,216,339
06075061100,Census Tract 611,"Census Tract 611, San Francisco County, California",ca,140,00,ACSSF,0009171,,,,,06,075,,,,061100,,,,,,,,,,,,,,,,,,,,,,,,,,,,,,,,,,,14000US06075061100,,,239861,0,4692,4692,2314,2378,4692,264,200,190,101,142,586,382,772,739,640,391,285,4692,174,13,50,4383,33,31,8
06075061200,Census Tract 612,"Census Tract 612, San Francisco County, California",ca,140,00,ACSSF,0009172,,,,,06,075,,,,061200,,,,,,,,,,,,,,,,,,,,,,,,,,,,,,,,,,,14000US06075061200,,,434742,0,4293,4293,2269,2024,4293,118,176,286,209,321,890,595,472,566,365,193,102,4293,792,1018,9,1161,9,1264,40
06075061400,Census Tract 614,"Census Tract 614, San Francisco County, California",ca,140,00,ACSSF,0009173,,,,,06,075,,,,061400,,,,,,,,,,,,,,,,,,,,,,,,,,,,,,,,,,,14000US06075061400,,,797744,0,5977,5977,2907,3070,5977,365,266,527,120,247,1446,1196,695,505,279,246,85,5977,2739,506,38,1292,0,862,540
06075061500,Census Tract 615,"Census Tract 615, San Francisco County, California",ca,140,00,ACSSF,0009174,,,,,06,075,,,,061500,,,,,,,,,,,,,,,,,,,,,,,,,,,,,,,,,,,14000US06075061500,,,1660735,451319,14758,14758,7970,6788,14758,556,324,150,30,838,5109,2929,2175,1349,816,365,117,14758,7293,343,22,6469,45,68,518
06075980200,Census Tract 9802,"Census Tract 9802, San Francisco County, California",ca,140,00,ACSSF,0009175,,,,,06,075,,,,980200,,,,,,,,,,,,,,,,,,,,,,,,,,,,,,,,,,,14000US06075980200,,,1022573,779038,305,305,247,58,305,6,0,0,5,0,7,40,32,25,89,40,61,305,158,52,0,79,0,6,10
06075980300,Census Tract 9803,"Census Tract 9803, San Francisco County, California",ca,140,00,ACSSF,0009176,,,,,06,075,,,,980300,,,,,,,,,,,,,,,,,,,,,,,,,,,,,,,,,,,14000US06075980300,,,4341948,409466,66,66,46,20,66,0,0,0,0,0,39,11,16,0,0,0,0,66,55,0,0,6,0,0,5
06075980401,Census Tract 9804.01,"Census Tract 9804.01, San Francisco County, California",ca,140,00,ACSSF,0009177,,,,,06,075,,,,980401,,,,,,,,,,,,,,,,,,,,,,,,,,,,,,,,,,,14000US06075980401,,,419323,247501289,0,0,0,0,0,0,0,0,0,0,0,0,0,0,0,0,0,0,0,0,0,0,0,0,0
06075980501,Census Tract 9805.01,"Census Tract 9805.01, San Francisco County, California",ca,140,00,ACSSF,0009178,,,,,06,075,,,,980501,,,,,,,,,,,,,,,,,,,,,,,,,,,,,,,,,,,14000US06075980501,,,1577313,9769,669,669,302,367,669,25,64,56,13,33,72,71,81,80,49,111,14,669,36,146,0,326,35,104,22
06075980600,Census Tract 9806,"Census Tract 9806, San Francisco County, California",ca,140,00,ACSSF,0009179,,,,,06,075,,,,980600,,,,,,,,,,,,,,,,,,,,,,,,,,,,,,,,,,,14000US06075980600,,,2132298,2016110,575,575,306,269,575,20,26,64,23,58,62,78,116,60,48,20,0,575,159,233,0,98,0,37,48
06075980900,Census Tract 9809,"Census Tract 9809, San Francisco County, California",ca,140,00,ACSSF,0009180,,,,,06,075,,,,980900,,,,,,,,,,,,,,,,,,,,,,,,,,,,,,,,,,,14000US06075980900,,,3585240,260707,272,272,160,112,272,36,7,5,0,5,52,75,69,6,0,17,0,272,179,17,0,49,0,17,10
06075990100,Census Tract 9901,"Census Tract 9901, San Francisco County, California",ca,140,00,ACSSF,0009181,,,,,06,075,,,,990100,,,,,,,,,,,,,,,,,,,,,,,,,,,,,,,,,,,14000US06075990100,,,0,70939179,0,0,0,0,0,0,0,0,0,0,0,0,0,0,0,0,0,0,0,0,0,0,0,0,0