"Always equal to ACS Summary File identification","State Postal Abbreviation","Summary Level","Geographic Component","US","Census Region","Census Division","State (FIPS Code)","County of current residence","County Subdivision (FIPS)","Place (FIPS Code)","Census Tract","Block Group","Consolidated City","American Indian Area/Alaska Native Area/Hawaiian Home Land (Census)","American Indian Area/Alaska Native Area/Hawaiian Home Land (FIPS)","American Indian Trust Land/Hawaiian Home Land Indicator","American Indian Tribal Subdivision (FIPS)","Alaska Native Regional Corporation (FIPS)","Metropolitan and Micropolitan Statistical Area","Combined Statistical Area","Metropolitan Statistical Area Metropolitan Division","Metropolitan Area Central City","Metropolitan/Micropolitan Indicator Flag","New England City and Town Area","New England City and Town Combined Statistical Area","New England City and Town Area Division","Urban Area","Current Congressional District ***","State Legislative District Upper","State Legislative District Lower","5-digit ZIP Code Tabulation Area","Subminor Civil Division (FIPS)","State-School District (Elementary)","State-School District (Secondary)","State-School District (Unified)","Urban/Rural","Principal City Indicator","Public Use Microdata Area – File","Geographic Identifier","Area Name","Tribal Tract","Tribal Block Group","Qualifying Name","FIPS","Area (Land)","Area (Water)","Place (State FIPS + Place FIPS)","ZIP Code Tabulation Area (3-digit)","Total Population"
Geo_FILEID,Geo_STUSAB,Geo_SUMLEV,Geo_GEOCOMP,Geo_US,Geo_REGION,Geo_DIVISION,Geo_STATE,Geo_COUNTY,Geo_COUSUB,Geo_PLACE,Geo_TRACT,Geo_BLKGRP,Geo_CONCIT,Geo_AIANHH,Geo_AIANHHFP,Geo_AIHHTLI,Geo_AITS,Geo_ANRC,Geo_CBSA,Geo_CSA,Geo_METDIV,Geo_MACC,Geo_MEMI,Geo_NECTA,Geo_CNECTA,Geo_NECTADIV,Geo_UA,Geo_CDCURR,Geo_SLDU,Geo_SLDL,Geo_ZCTA5,Geo_SUBMCD,Geo_SDELM,Geo_SDSEC,Geo_SDUNI,Geo_UR,Geo_PCI,Geo_PUMA5,Geo_GEO_ID,Geo_NAME,Geo_BTTR,Geo_BTBG,Geo_QName,Geo_FIPS,Geo_AREALAND,Geo_AREAWATR,Geo_PLACESE,Geo_ZCTA3,SE_A00001_001
"ACSSF","ca","140","00",,,,"06","075",,,"010101",,,,,,,,,,,,,,".",".",,,,,,,,,,,,,"1400000US06075010101","Census Tract 101.01",,,"Census Tract 101.01, San Francisco County, California","06075010101","667587","676264",,,2004
"ACSSF","ca","140","00",,,,"06","075",,,"010102",,,,,,,,,,,,,,".",".",,,,,,,,,,,,,"1400000US06075010102","Census Tract 101.02",,,"Census Tract 101.02, San Francisco County, California","06075010102","79556","0",,,1795
"ACSSF","ca","140","00",,,,"06","075",,,"010201",,,,,,,,,,,,,,".",".",,,,,,,,,,,,,"1400000US06075010201","Census Tract 102.01",,,"Census Tract 102.01, San Francisco County, California","06075010201","186873","0",,,2608
"ACSSF","ca","140","00",,,,"06","075",,,"010202",,,,,,,,,,,,,,".",".",,,,,,,,,,,,,"1400000US06075010202","Census Tract 102.02",,,"Census Tract 102.02, San Francisco County, California","06075010202","331839","295796",,,1761
"ACSSF","ca","140","00",,,,"06","075",,,"010300",,,,,,,,,,,,,,".",".",,,,,,,,,,,,,"1400000US06075010300","Census Tract 103",,,"Census Tract 103, San Francisco County, California","06075010300","268261","0",,,3791
"ACSSF","ca","140","00",,,,"06","075",,,"010401",,,,,,,,,,,,,,".",".",,,,,,,,,,,,,"1400000US06075010401","Census Tract 104.01",,,"Census Tract 104.01, San Francisco County, California","06075010401","142234","0",,,2393
"ACSSF","ca","140","00",,,,"06","075",,,"010402",,,,,,,,,,,,,,".",".",,,,,,,,,,,,,"1400000US06075010402","Census Tract 104.02",,,"Census Tract 104.02, San Francisco County, California","06075010402","193510","0",,,2012
"ACSSF","ca","140","00",,,,"06","075",,,"010500",,,,,,,,,,,,,,".",".",,,,,,,,,,,,,"1400000US06075010500","Census Tract 105",,,"Census Tract 105, San Francisco County, California","06075010500","676089","501830",,,3177
"ACSSF","ca","140","00",,,,"06","075",,,"010600",,,,,,,,,,,,,,".",".",,,,,,,,,,,,,"1400000US06075010600","Census Tract 106",,,"Census Tract 106, San Francisco County, California","06075010600","187223","0",,,3293
"ACSSF","ca","140","00",,,,"06","075",,,"010701",,,,,,,,,,,,,,".",".",,,,,,,,,,,,,"1400000US06075010701","Census Tract 107.01",,,"Census Tract 107.01, San Francisco County, California","06075010701","97964","0",,,3280
"ACSSF","ca","140","00",,,,"06","075",,,"010702",,,,,,,,,,,,,,".",".",,,,,,,,,,,,,"1400000US06075010702","Census Tract 107.02",,,"Census Tract 107.02, San Francisco County, California","06075010702","85204","0",,,1380
"ACSSF","ca","140","00",,,,"06","075",,,"010800",,,,,,,,,,,,,,".",".",,,,,,,,,,,,,"1400000US06075010800","Census Tract 108",,,"Census Tract 108, San Francisco County, California","06075010800","226072","0",,,4334
"ACSSF","ca","140","00",,,,"06","075",,,"010901",,,,,,,,,,,,,,".",".",,,,,,,,,,,,,"1400000US06075010901","Census Tract 109.01",,,"Census Tract 109.01, San Francisco County, California","06075010901","122908","0",,,2069
"ACSSF","ca","140","00",,,,"06","075",,,"010902",,,,,,,,,,,,,,".",".",,,,,,,,,,,,,"1400000US06075010902","Census Tract 109.02",,,"Census Tract 109.02, San Francisco County, California","06075010902","127739","0",,,2568
"ACSSF","ca","140","00",,,,"06","075",,,"011001",,,,,,,,,,,,,,".",".",,,,,,,,,,,,,"1400000US06075011001","Census Tract 110.01",,,"Census Tract 110.01, San Francisco County, California","06075011001","118009","0",,,2327
"ACSSF","ca","140","00",,,,"06","075",,,"011002",,,,,,,,,,,,,,".",".",,,,,,,,,,,,,"1400000US06075011002","Census Tract 110.02",,,"Census Tract 110.02, San Francisco County, California","06075011002","121170","0",,,1755
"ACSSF","ca","140","00",,,,"06","075",,,"011101",,,,,,,,,,,,,,".",".",,,,,,,,,,,,,"1400000US06075011101","Census Tract 111.01",,,"Census Tract 111.01, San Francisco County, California","06075011101","121412","0",,,2470
"ACSSF","ca","140","00",,,,"06","075",,,"011102",,,,,,,,,,,,,,".",".",,,,,,,,,,,,,"1400000US06075011102","Census Tract 111.02",,,"Census Tract 111.02, San Francisco County, California","06075011102","125690","0",,,2205
"ACSSF","ca","140","00",,,,"06","075",,,"011200",,,,,,,,,,,,,,".",".",,,,,,,,,,,,,"1400000US06075011200","Census Tract 112",,,"Census Tract 112, San Francisco County, California","06075011200","177415","0",,,2678
"ACSSF","ca","140","00",,,,"06","075",,,"011300",,,,,,,,,,,,,,".",".",,,,,,,,,,,,,"1400000US06075011300","Census Tract 113",,,"Census Tract 113, San Francisco County, California","06075011300","102298","0",,,2518
"ACSSF","ca","140","00",,,,"06","075",,,"011700",,,,,,,,,,,,,,".",".",,,,,,,,,,,,,"1400000US06075011700","Census Tract 117",,,"Census Tract 117, San Francisco County, California","06075011700","551749","0",,,1947
"ACSSF","ca","140","00",,,,"06","075",,,"011800",,,,,,,,,,,,,,".",".",,,,,,,,,,,,,"1400000US06075011800","Census Tract 118",,,"Census Tract 118, San Francisco County, California","06075011800","56564","0",,,1635
"ACSSF","ca","140","00",,,,"06","075",,,"011901",,,,,,,,,,,,,,".",".",,,,,,,,,,,,,"1400000US06075011901","Census Tract 119.01",,,"Census Tract 119.01, San Francisco County, California","06075011901","62294","0",,,2084
"ACSSF","ca","140","00",,,,"06","075",,,"011902",,,,,,,,,,,,,,".",".",,,,,,,,,,,,,"1400000US06075011902","Census Tract 119.02",,,"Census Tract 119.02, San Francisco County, California","06075011902","93053","0",,,2732
"ACSSF","ca","140","00",,,,"06","075",,,"012001",,,,,,,,,,,,,,".",".",,,,,,,,,,,,,"1400000US06075012001","Census Tract 120.01",,,"Census Tract 120.01, San Francisco County, California","06075012001","62922","0",,,1738
"ACSSF","ca","140","00",,,,"06","075",,,"012002",,,,,,,,,,,,,,".",".",,,,,,,,,,,,,"1400000US06075012002","Census Tract 120.02",,,"Census Tract 120.02, San Francisco County, California","06075012002","62307","0",,,2035
"ACSSF","ca","140","00",,,,"06","075",,,"012100",,,,,,,,,,,,,,".",".",,,,,,,,,,,,,"1400000US06075012100","Census Tract 121",,,"Census Tract 121, San Francisco County, California","06075012100","123394","0",,,3250
"ACSSF","ca","140","00",,,,"06","075",,,"012202",,,,,,,,,,,,,,".",".",,,,,,,,,,,,,"1400000US06075012202","Census Tract 122.02",,,"Census Tract 122.02, San Francisco County, California","06075012202","94685","0",,,3017
"ACSSF","ca","140","00",,,,"06","075",,,"012203",,,,,,,,,,,,,,".",".",,,,,,,,,,,,,"1400000US06075012203","Census Tract 122.03",,,"Census Tract 122.03, San Francisco County, California","06075012203","45984","0",,,1895
"ACSSF","ca","140","00",,,,"06","075",,,"012204",,,,,,,,,,,,,,".",".",,,,,,,,,,,,,"1400000US06075012204","Census Tract 122.04",,,"Census Tract 122.04, San Francisco County, California","06075012204","46065","0",,,2389
"ACSSF","ca","140","00",,,,"06","075",,,"012301",,,,,,,,,,,,,,".",".",,,,,,,,,,,,,"1400000US06075012301","Census Tract 123.01",,,"Census Tract 123.01, San Francisco County, California","06075012301","92144","0",,,1766
"ACSSF","ca","140","00",,,,"06","075",,,"012302",,,,,,,,,,,,,,".",".",,,,,,,,,,,,,"1400000US06075012302","Census Tract 123.02",,,"Census Tract 123.02, San Francisco County, California","06075012302","92653","0",,,2586
"ACSSF","ca","140","00",,,,"06","075",,,"012403",,,,,,,,,,,,,,".",".",,,,,,,,,,,,,"1400000US06075012403","Census Tract 124.03",,,"Census Tract 124.03, San Francisco County, California","06075012403","45994","0",,,2696
"ACSSF","ca","140","00",,,,"06","075",,,"012404",,,,,,,,,,,,,,".",".",,,,,,,,,,,,,"1400000US06075012404","Census Tract 124.04",,,"Census Tract 124.04, San Francisco County, California","06075012404","45978","0",,,2587
"ACSSF","ca","140","00",,,,"06","075",,,"012405",,,,,,,,,,,,,,".",".",,,,,,,,,,,,,"1400000US06075012405","Census Tract 124.05",,,"Census Tract 124.05, San Francisco County, California","06075012405","295197","0",,,3878
"ACSSF","ca","140","00",,,,"06","075",,,"012406",,,,,,,,,,,,,,".",".",,,,,,,,,,,,,"1400000US06075012406","Census Tract 124.06",,,"Census Tract 124.06, San Francisco County, California","06075012406","62825","0",,,1358
"ACSSF","ca","140","00",,,,"06","075",,,"012502",,,,,,,,,,,,,,".",".",,,,,,,,,,,,,"1400000US06075012502","Census Tract 125.02",,,"Census Tract 125.02, San Francisco County, California","06075012502","61275","0",,,4689
"ACSSF","ca","140","00",,,,"06","075",,,"012503",,,,,,,,,,,,,,".",".",,,,,,,,,,,,,"1400000US06075012503","Census Tract 125.03",,,"Census Tract 125.03, San Francisco County, California","06075012503","108926","0",,,4497
"ACSSF","ca","140","00",,,,"06","075",,,"012504",,,,,,,,,,,,,,".",".",,,,,,,,,,,,,"1400000US06075012504","Census Tract 125.04",,,"Census Tract 125.04, San Francisco County, California","06075012504","26295","0",,,651
"ACSSF","ca","140","00",,,,"06","075",,,"012601",,,,,,,,,,,,,,".",".",,,,,,,,,,,,,"1400000US06075012601","Census Tract 126.01",,,"Census Tract 126.01, San Francisco County, California","06075012601","170458","0",,,2045
"ACSSF","ca","140","00",,,,"06","075",,,"012602",,,,,,,,,,,,,,".",".",,,,,,,,,,,,,"1400000US06075012602","Census Tract 126.02",,,"Census Tract 126.02, San Francisco County, California","06075012602","609462","537823",,,2956
"ACSSF","ca","140","00",,,,"06","075",,,"012700",,,,,,,,,,,,,,".",".",,,,,,,,,,,,,"1400000US06075012700","Census Tract 127",,,"Census Tract 127, San Francisco County, California","06075012700","429259","250510",,,3973
"ACSSF","ca","140","00",,,,"06","075",,,"012801",,,,,,,,,,,,,,".",".",,,,,,,,,,,,,"1400000US06075012801","Census Tract 128.01",,,"Census Tract 128.01, San Francisco County, California","06075012801","298228","0",,,2547
"ACSSF","ca","140","00",,,,"06","075",,,"012802",,,,,,,,,,,,,,".",".",,,,,,,,,,,,,"1400000US06075012802","Census Tract 128.02",,,"Census Tract 128.02, San Francisco County, California","06075012802","199611","0",,,2035
"ACSSF","ca","140","00",,,,"06","075",,,"012901",,,,,,,,,,,,,,".",".",,,,,,,,,,,,,"1400000US06075012901","Census Tract 129.01",,,"Census Tract 129.01, San Francisco County, California","06075012901","180876","0",,,2887
"ACSSF","ca","140","00",,,,"06","075",,,"012902",,,,,,,,,,,,,,".",".",,,,,,,,,,,,,"1400000US06075012902","Census Tract 129.02",,,"Census Tract 129.02, San Francisco County, California","06075012902","352884","0",,,2735
"ACSSF","ca","140","00",,,,"06","075",,,"013001",,,,,,,,,,,,,,".",".",,,,,,,,,,,,,"1400000US06075013001","Census Tract 130.01",,,"Census Tract 130.01, San Francisco County, California","06075013001","181456","0",,,1770
"ACSSF","ca","140","00",,,,"06","075",,,"013002",,,,,,,,,,,,,,".",".",,,,,,,,,,,,,"1400000US06075013002","Census Tract 130.02",,,"Census Tract 130.02, San Francisco County, California","06075013002","184367","0",,,2785
"ACSSF","ca","140","00",,,,"06","075",,,"013101",,,,,,,,,,,,,,".",".",,,,,,,,,,,,,"1400000US06075013101","Census Tract 131.01",,,"Census Tract 131.01, San Francisco County, California","06075013101","173031","0",,,3935
"ACSSF","ca","140","00",,,,"06","075",,,"013102",,,,,,,,,,,,,,".",".",,,,,,,,,,,,,"1400000US06075013102","Census Tract 131.02",,,"Census Tract 131.02, San Francisco County, California","06075013102","237884","0",,,2725
"ACSSF","ca","140","00",,,,"06","075",,,"013200",,,,,,,,,,,,,,".",".",,,,,,,,,,,,,"1400000US06075013200","Census Tract 132",,,"Census Tract 132, San Francisco County, California","06075013200","546674","0",,,3721
"ACSSF","ca","140","00",,,,"06","075",,,"013300",,,,,,,,,,,,,,".",".",,,,,,,,,,,,,"1400000US06075013300","Census Tract 133",,,"Census Tract 133, San Francisco County, California","06075013300","581305","0",,,4160
"ACSSF","ca","140","00",,,,"06","075",,,"013401",,,,,,,,,,,,,,".",".",,,,,,,,,,,,,"1400000US06075013401","Census Tract 134.01",,,"Census Tract 134.01, San Francisco County, California","06075013401","177880","0",,,1456
"ACSSF","ca","140","00",,,,"06","075",,,"013402",,,,,,,,,,,,,,".",".",,,,,,,,,,,,,"1400000US06075013402","Census Tract 134.02",,,"Census Tract 134.02, San Francisco County, California","06075013402","176296","0",,,2302
"ACSSF","ca","140","00",,,,"06","075",,,"013500",,,,,,,,,,,,,,".",".",,,,,,,,,,,,,"1400000US06075013500","Census Tract 135",,,"Census Tract 135, San Francisco County, California","06075013500","235184","0",,,2544
"ACSSF","ca","140","00",,,,"06","075",,,"015100",,,,,,,,,,,,,,".",".",,,,,,,,,,,,,"1400000US06075015100","Census Tract 151",,,"Census Tract 151, San Francisco County, California","06075015100","171998","0",,,2840
"ACSSF","ca","140","00",,,,"06","075",,,"015201",,,,,,,,,,,,,,".",".",,,,,,,,,,,,,"1400000US06075015201","Census Tract 152.01",,,"Census Tract 152.01, San Francisco County, California","06075015201","93037","0",,,1532
"ACSSF","ca","140","00",,,,"06","075",,,"015202",,,,,,,,,,,,,,".",".",,,,,,,,,,,,,"1400000US06075015202","Census Tract 152.02",,,"Census Tract 152.02, San Francisco County, California","06075015202","186159","0",,,2334
"ACSSF","ca","140","00",,,,"06","075",,,"015300",,,,,,,,,,,,,,".",".",,,,,,,,,,,,,"1400000US06075015300","Census Tract 153",,,"Census Tract 153, San Francisco County, California","06075015300","233721","0",,,2427
"ACSSF","ca","140","00",,,,"06","075",,,"015401",,,,,,,,,,,,,,".",".",,,,,,,,,,,,,"1400000US06075015401","Census Tract 154.01",,,"Census Tract 154.01, San Francisco County, California","06075015401","392339","0",,,3035
"ACSSF","ca","140","00",,,,"06","075",,,"015402",,,,,,,,,,,,,,".",".",,,,,,,,,,,,,"1400000US06075015402","Census Tract 154.02",,,"Census Tract 154.02, San Francisco County, California","06075015402","327153","0",,,2747
"ACSSF","ca","140","00",,,,"06","075",,,"015500",,,,,,,,,,,,,,".",".",,,,,,,,,,,,,"1400000US06075015500","Census Tract 155",,,"Census Tract 155, San Francisco County, California","06075015500","312148","0",,,3936
"ACSSF","ca","140","00",,,,"06","075",,,"015600",,,,,,,,,,,,,,".",".",,,,,,,,,,,,,"1400000US06075015600","Census Tract 156",,,"Census Tract 156, San Francisco County, California","06075015600","293931","0",,,2927
"ACSSF","ca","140","00",,,,"06","075",,,"015701",,,,,,,,,,,,,,".",".",,,,,,,,,,,,,"1400000US06075015701","Census Tract 157.01",,,"Census Tract 157.01, San Francisco County, California","06075015701","479211","0",,,4958
"ACSSF","ca","140","00",,,,"06","075",,,"015702",,,,,,,,,,,,,,".",".",,,,,,,,,,,,,"1400000US06075015702","Census Tract 157.02",,,"Census Tract 157.02, San Francisco County, California","06075015702","357460","0",,,3109
"ACSSF","ca","140","00",,,,"06","075",,,"015801",,,,,,,,,,,,,,".",".",,,,,,,,,,,,,"1400000US06075015801","Census Tract 158.01",,,"Census Tract 158.01, San Francisco County, California","06075015801","343934","0",,,3220
"ACSSF","ca","140","00",,,,"06","075",,,"015802",,,,,,,,,,,,,,".",".",,,,,,,,,,,,,"1400000US06075015802","Census Tract 158.02",,,"Census Tract 158.02, San Francisco County, California","06075015802","170743","0",,,3163
"ACSSF","ca","140","00",,,,"06","075",,,"015900",,,,,,,,,,,,,,".",".",,,,,,,,,,,,,"1400000US06075015900","Census Tract 159",,,"Census Tract 159, San Francisco County, California","06075015900","295577","0",,,4876
"ACSSF","ca","140","00",,,,"06","075",,,"016000",,,,,,,,,,,,,,".",".",,,,,,,,,,,,,"1400000US06075016000","Census Tract 160",,,"Census Tract 160, San Francisco County, California","06075016000","157523","0",,,2725
"ACSSF","ca","140","00",,,,"06","075",,,"016101",,,,,,,,,,,,,,".",".",,,,,,,,,,,,,"1400000US06075016101","Census Tract 161.01",,,"Census Tract 161.01, San Francisco County, California","06075016101","122728","0",,,2444
"ACSSF","ca","140","00",,,,"06","075",,,"016102",,,,,,,,,,,,,,".",".",,,,,,,,,,,,,"1400000US06075016102","Census Tract 161.02",,,"Census Tract 161.02, San Francisco County, California","06075016102","246170","0",,,2798
"ACSSF","ca","140","00",,,,"06","075",,,"016200",,,,,,,,,,,,,,".",".",,,,,,,,,,,,,"1400000US06075016200","Census Tract 162",,,"Census Tract 162, San Francisco County, California","06075016200","273260","0",,,3198
"ACSSF","ca","140","00",,,,"06","075",,,"016300",,,,,,,,,,,,,,".",".",,,,,,,,,,,,,"1400000US06075016300","Census Tract 163",,,"Census Tract 163, San Francisco County, California","06075016300","245866","0",,,3794
"ACSSF","ca","140","00",,,,"06","075",,,"016400",,,,,,,,,,,,,,".",".",,,,,,,,,,,,,"1400000US06075016400","Census Tract 164",,,"Census Tract 164, San Francisco County, California","06075016400","309099","0",,,3481
"ACSSF","ca","140","00",,,,"06","075",,,"016500",,,,,,,,,,,,,,".",".",,,,,,,,,,,,,"1400000US06075016500","Census Tract 165",,,"Census Tract 165, San Francisco County, California","06075016500","370446","0",,,5393
"ACSSF","ca","140","00",,,,"06","075",,,"016601",,,,,,,,,,,,,,".",".",,,,,,,,,,,,,"1400000US06075016601","Census Tract 166.01",,,"Census Tract 166.01, San Francisco County, California","06075016601","204186","0",,,3027
"ACSSF","ca","140","00",,,,"06","075",,,"016602",,,,,,,,,,,,,,".",".",,,,,,,,,,,,,"1400000US06075016602","Census Tract 166.02",,,"Census Tract 166.02, San Francisco County, California","06075016602","138982","0",,,1986
"ACSSF","ca","140","00",,,,"06","075",,,"016700",,,,,,,,,,,,,,".",".",,,,,,,,,,,,,"1400000US06075016700","Census Tract 167",,,"Census Tract 167, San Francisco County, California","06075016700","490697","0",,,5092
"ACSSF","ca","140","00",,,,"06","075",,,"016801",,,,,,,,,,,,,,".",".",,,,,,,,,,,,,"1400000US06075016801","Census Tract 168.01",,,"Census Tract 168.01, San Francisco County, California","06075016801","226534","0",,,4013
"ACSSF","ca","140","00",,,,"06","075",,,"016802",,,,,,,,,,,,,,".",".",,,,,,,,,,,,,"1400000US06075016802","Census Tract 168.02",,,"Census Tract 168.02, San Francisco County, California","06075016802","215267","0",,,3754
"ACSSF","ca","140","00",,,,"06","075",,,"016900",,,,,,,,,,,,,,".",".",,,,,,,,,,,,,"1400000US06075016900","Census Tract 169",,,"Census Tract 169, San Francisco County, California","06075016900","294789","0",,,2890
"ACSSF","ca","140","00",,,,"06","075",,,"017000",,,,,,,,,,,,,,".",".",,,,,,,,,,,,,"1400000US06075017000","Census Tract 170",,,"Census Tract 170, San Francisco County, California","06075017000","469563","0",,,4016
"ACSSF","ca","140","00",,,,"06","075",,,"017101",,,,,,,,,,,,,,".",".",,,,,,,,,,,,,"1400000US06075017101","Census Tract 171.01",,,"Census Tract 171.01, San Francisco County, California","06075017101","313368","0",,,4125
"ACSSF","ca","140","00",,,,"06","075",,,"017102",,,,,,,,,,,,,,".",".",,,,,,,,,,,,,"1400000US06075017102","Census Tract 171.02",,,"Census Tract 171.02, San Francisco County, California","06075017102","294894","0",,,3550
"ACSSF","ca","140","00",,,,"06","075",,,"017602",,,,,,,,,,,,,,".",".",,,,,,,,,,,,,"1400000US06075017602","Census Tract 176.02",,,"Census Tract 176.02, San Francisco County, California","06075017602","273225","0",,,3251
"ACSSF","ca","140","00",,,,"06","075",,,"017603",,,,,,,,,,,,,,".",".",,,,,,,,,,,,,"1400000US06075017603","Census Tract 176.03",,,"Census Tract 176.03, San Francisco County, California","06075017603","248651","0",,,4527
"ACSSF","ca","140","00",,,,"06","075",,,"017604",,,,,,,,,,,,,,".",".",,,,,,,,,,,,,"1400000US06075017604","Census Tract 176.04",,,"Census Tract 176.04, San Francisco County, California","06075017604","111719","0",,,3720
"ACSSF","ca","140","00",,,,"06","075",,,"017700",,,,,,,,,,,,,,".",".",,,,,,,,,,,,,"1400000US06075017700","Census Tract 177",,,"Census Tract 177, San Francisco County, California","06075017700","904078","0",,,2360
"ACSSF","ca","140","00",,,,"06","075",,,"017801",,,,,,,,,,,,,,".",".",,,,,,,,,,,,,"1400000US06075017801","Census Tract 178.01",,,"Census Tract 178.01, San Francisco County, California","06075017801","214051","0",,,3335
"ACSSF","ca","140","00",,,,"06","075",,,"017803",,,,,,,,,,,,,,".",".",,,,,,,,,,,,,"1400000US06075017803","Census Tract 178.03",,,"Census Tract 178.03, San Francisco County, California","06075017803","189846","0",,,2318
"ACSSF","ca","140","00",,,,"06","075",,,"017804",,,,,,,,,,,,,,".",".",,,,,,,,,,,,,"1400000US06075017804","Census Tract 178.04",,,"Census Tract 178.04, San Francisco County, California","06075017804","320289","0",,,3911
"ACSSF","ca","140","00",,,,"06","075",,,"017903",,,,,,,,,,,,,,".",".",,,,,,,,,,,,,"1400000US06075017903","Census Tract 179.03",,,"Census Tract 179.03, San Francisco County, California","06075017903","2502565","2519031",,,2829
"ACSSF","ca","140","00",,,,"06","075",,,"018000",,,,,,,,,,,,,,".",".",,,,,,,,,,,,,"1400000US06075018000","Census Tract 180",,,"Census Tract 180, San Francisco County, California","06075018000","933506","0",,,3636
"ACSSF","ca","140","00",,,,"06","075",,,"020101",,,,,,,,,,,,,,".",".",,,,,,,,,,,,,"1400000US06075020101","Census Tract 201.01",,,"Census Tract 201.01, San Francisco County, California","06075020101","305225","0",,,4221
"ACSSF","ca","140","00",,,,"06","075",,,"020102",,,,,,,,,,,,,,".",".",,,,,,,,,,,,,"1400000US06075020102","Census Tract 201.02",,,"Census Tract 201.02, San Francisco County, California","06075020102","140244","0",,,3627
"ACSSF","ca","140","00",,,,"06","075",,,"020201",,,,,,,,,,,,,,".",".",,,,,,,,,,,,,"1400000US06075020201","Census Tract 202.01",,,"Census Tract 202.01, San Francisco County, California","06075020201","140617","0",,,1847
"ACSSF","ca","140","00",,,,"06","075",,,"020202",,,,,,,,,,,,,,".",".",,,,,,,,,,,,,"1400000US06075020202","Census Tract 202.02",,,"Census Tract 202.02, San Francisco County, California","06075020202","197727","0",,,3929
"ACSSF","ca","140","00",,,,"06","075",,,"020300",,,,,,,,,,,,,,".",".",,,,,,,,,,,,,"1400000US06075020300","Census Tract 203",,,"Census Tract 203, San Francisco County, California","06075020300","286010","0",,,3372
"ACSSF","ca","140","00",,,,"06","075",,,"020401",,,,,,,,,,,,,,".",".",,,,,,,,,,,,,"1400000US06075020401","Census Tract 204.01",,,"Census Tract 204.01, San Francisco County, California","06075020401","327721","0",,,3409
"ACSSF","ca","140","00",,,,"06","075",,,"020402",,,,,,,,,,,,,,".",".",,,,,,,,,,,,,"1400000US06075020402","Census Tract 204.02",,,"Census Tract 204.02, San Francisco County, California","06075020402","590505","0",,,4083
"ACSSF","ca","140","00",,,,"06","075",,,"020500",,,,,,,,,,,,,,".",".",,,,,,,,,,,,,"1400000US06075020500","Census Tract 205",,,"Census Tract 205, San Francisco County, California","06075020500","276896","0",,,2895
"ACSSF","ca","140","00",,,,"06","075",,,"020601",,,,,,,,,,,,,,".",".",,,,,,,,,,,,,"1400000US06075020601","Census Tract 206.01",,,"Census Tract 206.01, San Francisco County, California","06075020601","321062","0",,,3073
"ACSSF","ca","140","00",,,,"06","075",,,"020602",,,,,,,,,,,,,,".",".",,,,,,,,,,,,,"1400000US06075020602","Census Tract 206.02",,,"Census Tract 206.02, San Francisco County, California","06075020602","246264","0",,,2369
"ACSSF","ca","140","00",,,,"06","075",,,"020701",,,,,,,,,,,,,,".",".",,,,,,,,,,,,,"1400000US06075020701","Census Tract 207.01",,,"Census Tract 207.01, San Francisco County, California","06075020701","208251","0",,,3032
"ACSSF","ca","140","00",,,,"06","075",,,"020702",,,,,,,,,,,,,,".",".",,,,,,,,,,,,,"1400000US06075020702","Census Tract 207.02",,,"Census Tract 207.02, San Francisco County, California","06075020702","138854","0",,,2046
"ACSSF","ca","140","00",,,,"06","075",,,"020801",,,,,,,,,,,,,,".",".",,,,,,,,,,,,,"1400000US06075020801","Census Tract 208.01",,,"Census Tract 208.01, San Francisco County, California","06075020801","207712","0",,,3732
"ACSSF","ca","140","00",,,,"06","075",,,"020802",,,,,,,,,,,,,,".",".",,,,,,,,,,,,,"1400000US06075020802","Census Tract 208.02",,,"Census Tract 208.02, San Francisco County, California","06075020802","138386","0",,,2274
"ACSSF","ca","140","00",,,,"06","075",,,"020900",,,,,,,,,,,,,,".",".",,,,,,,,,,,,,"1400000US06075020900","Census Tract 209",,,"Census Tract 209, San Francisco County, California","06075020900","312680","0",,,3644
"ACSSF","ca","140","00",,,,"06","075",,,"021000",,,,,,,,,,,,,,".",".",,,,,,,,,,,,,"1400000US06075021000","Census Tract 210",,,"Census Tract 210, San Francisco County, California","06075021000","311804","0",,,3739
"ACSSF","ca","140","00",,,,"06","075",,,"021100",,,,,,,,,,,,,,".",".",,,,,,,,,,,,,"1400000US06075021100","Census Tract 211",,,"Census Tract 211, San Francisco County, California","06075021100","424228","0",,,4054
"ACSSF","ca","140","00",,,,"06","075",,,"021200",,,,,,,,,,,,,,".",".",,,,,,,,,,,,,"1400000US06075021200","Census Tract 212",,,"Census Tract 212, San Francisco County, California","06075021200","345793","0",,,3052
"ACSSF","ca","140","00",,,,"06","075",,,"021300",,,,,,,,,,,,,,".",".",,,,,,,,,,,,,"1400000US06075021300","Census Tract 213",,,"Census Tract 213, San Francisco County, California","06075021300","312668","0",,,2948
"ACSSF","ca","140","00",,,,"06","075",,,"021400",,,,,,,,,,,,,,".",".",,,,,,,,,,,,,"1400000US06075021400","Census Tract 214",,,"Census Tract 214, San Francisco County, California","06075021400","354535","0",,,3522
"ACSSF","ca","140","00",,,,"06","075",,,"021500",,,,,,,,,,,,,,".",".",,,,,,,,,,,,,"1400000US06075021500","Census Tract 215",,,"Census Tract 215, San Francisco County, California","06075021500","474360","0",,,5341
"ACSSF","ca","140","00",,,,"06","075",,,"021600",,,,,,,,,,,,,,".",".",,,,,,,,,,,,,"1400000US06075021600","Census Tract 216",,,"Census Tract 216, San Francisco County, California","06075021600","597918","0",,,4417
"ACSSF","ca","140","00",,,,"06","075",,,"021700",,,,,,,,,,,,,,".",".",,,,,,,,,,,,,"1400000US06075021700","Census Tract 217",,,"Census Tract 217, San Francisco County, California","06075021700","1236558","0",,,4459
"ACSSF","ca","140","00",,,,"06","075",,,"021800",,,,,,,,,,,,,,".",".",,,,,,,,,,,,,"1400000US06075021800","Census Tract 218",,,"Census Tract 218, San Francisco County, California","06075021800","504786","0",,,3999
"ACSSF","ca","140","00",,,,"06","075",,,"022600",,,,,,,,,,,,,,".",".",,,,,,,,,,,,,"1400000US06075022600","Census Tract 226",,,"Census Tract 226, San Francisco County, California","06075022600","1280042","556866",,,4210
"ACSSF","ca","140","00",,,,"06","075",,,"022702",,,,,,,,,,,,,,".",".",,,,,,,,,,,,,"1400000US06075022702","Census Tract 227.02",,,"Census Tract 227.02, San Francisco County, California","06075022702","295531","0",,,2017
"ACSSF","ca","140","00",,,,"06","075",,,"022704",,,,,,,,,,,,,,".",".",,,,,,,,,,,,,"1400000US06075022704","Census Tract 227.04",,,"Census Tract 227.04, San Francisco County, California","06075022704","544609","0",,,3982
"ACSSF","ca","140","00",,,,"06","075",,,"022801",,,,,,,,,,,,,,".",".",,,,,,,,,,,,,"1400000US06075022801","Census Tract 228.01",,,"Census Tract 228.01, San Francisco County, California","06075022801","578057","0",,,4755
"ACSSF","ca","140","00",,,,"06","075",,,"022802",,,,,,,,,,,,,,".",".",,,,,,,,,,,,,"1400000US06075022802","Census Tract 228.02",,,"Census Tract 228.02, San Francisco County, California","06075022802","291253","0",,,2236
"ACSSF","ca","140","00",,,,"06","075",,,"022803",,,,,,,,,,,,,,".",".",,,,,,,,,,,,,"1400000US06075022803","Census Tract 228.03",,,"Census Tract 228.03, San Francisco County, California","06075022803","282080","0",,,4098
"ACSSF","ca","140","00",,,,"06","075",,,"022901",,,,,,,,,,,,,,".",".",,,,,,,,,,,,,"1400000US06075022901","Census Tract 229.01",,,"Census Tract 229.01, San Francisco County, California","06075022901","248905","0",,,4197
"ACSSF","ca","140","00",,,,"06","075",,,"022902",,,,,,,,,,,,,,".",".",,,,,,,,,,,,,"1400000US06075022902","Census Tract 229.02",,,"Census Tract 229.02, San Francisco County, California","06075022902","161833","0",,,2019
"ACSSF","ca","140","00",,,,"06","075",,,"022903",,,,,,,,,,,,,,".",".",,,,,,,,,,,,,"1400000US06075022903","Census Tract 229.03",,,"Census Tract 229.03, San Francisco County, California","06075022903","311266","0",,,2675
"ACSSF","ca","140","00",,,,"06","075",,,"023001",,,,,,,,,,,,,,".",".",,,,,,,,,,,,,"1400000US06075023001","Census Tract 230.01",,,"Census Tract 230.01, San Francisco County, California","06075023001","666244","0",,,5576
"ACSSF","ca","140","00",,,,"06","075",,,"023003",,,,,,,,,,,,,,".",".",,,,,,,,,,,,,"1400000US06075023003","Census Tract 230.03",,,"Census Tract 230.03, San Francisco County, California","06075023003","409147","0",,,4025
"ACSSF","ca","140","00",,,,"06","075",,,"023102",,,,,,,,,,,,,,".",".",,,,,,,,,,,,,"1400000US06075023102","Census Tract 231.02",,,"Census Tract 231.02, San Francisco County, California","06075023102","487258","0",,,3411
"ACSSF","ca","140","00",,,,"06","075",,,"023103",,,,,,,,,,,,,,".",".",,,,,,,,,,,,,"1400000US06075023103","Census Tract 231.03",,,"Census Tract 231.03, San Francisco County, California","06075023103","1246230","454763",,,4512
"ACSSF","ca","140","00",,,,"06","075",,,"023200",,,,,,,,,,,,,,".",".",,,,,,,,,,,,,"1400000US06075023200","Census Tract 232",,,"Census Tract 232, San Francisco County, California","06075023200","856567","0",,,4214
"ACSSF","ca","140","00",,,,"06","075",,,"023300",,,,,,,,,,,,,,".",".",,,,,,,,,,,,,"1400000US06075023300","Census Tract 233",,,"Census Tract 233, San Francisco County, California","06075023300","633256","0",,,3934
"ACSSF","ca","140","00",,,,"06","075",,,"023400",,,,,,,,,,,,,,".",".",,,,,,,,,,,,,"1400000US06075023400","Census Tract 234",,,"Census Tract 234, San Francisco County, California","06075023400","858134","0",,,3811
"ACSSF","ca","140","00",,,,"06","075",,,"025100",,,,,,,,,,,,,,".",".",,,,,,,,,,,,,"1400000US06075025100","Census Tract 251",,,"Census Tract 251, San Francisco County, California","06075025100","552278","0",,,3342
"ACSSF","ca","140","00",,,,"06","075",,,"025200",,,,,,,,,,,,,,".",".",,,,,,,,,,,,,"1400000US06075025200","Census Tract 252",,,"Census Tract 252, San Francisco County, California","06075025200","657048","0",,,5610
"ACSSF","ca","140","00",,,,"06","075",,,"025300",,,,,,,,,,,,,,".",".",,,,,,,,,,,,,"1400000US06075025300","Census Tract 253",,,"Census Tract 253, San Francisco County, California","06075025300","403918","0",,,4218
"ACSSF","ca","140","00",,,,"06","075",,,"025401",,,,,,,,,,,,,,".",".",,,,,,,,,,,,,"1400000US06075025401","Census Tract 254.01",,,"Census Tract 254.01, San Francisco County, California","06075025401","363722","12207",,,3706
"ACSSF","ca","140","00",,,,"06","075",,,"025402",,,,,,,,,,,,,,".",".",,,,,,,,,,,,,"1400000US06075025402","Census Tract 254.02",,,"Census Tract 254.02, San Francisco County, California","06075025402","300995","0",,,3163
"ACSSF","ca","140","00",,,,"06","075",,,"025403",,,,,,,,,,,,,,".",".",,,,,,,,,,,,,"1400000US06075025403","Census Tract 254.03",,,"Census Tract 254.03, San Francisco County, California","06075025403","515731","0",,,4686
"ACSSF","ca","140","00",,,,"06","075",,,"025501",,,,,,,,,,,,,,".",".",,,,,,,,,,,,,"1400000US06075025501","Census Tract 255.01",,,"Census Tract 255.01, San Francisco County, California","06075025501","536658","0",,,4073
"ACSSF","ca","140","00",,,,"06","075",,,"025502",,,,,,,,,,,,,,".",".",,,,,,,,,,,,,"1400000US06075025502","Census Tract 255.02",,,"Census Tract 255.02, San Francisco County, California","06075025502","540288","0",,,3451
"ACSSF","ca","140","00",,,,"06","075",,,"025600",,,,,,,,,,,,,,".",".",,,,,,,,,,,,,"1400000US06075025600","Census Tract 256",,,"Census Tract 256, San Francisco County, California","06075025600","577287","0",,,5290
"ACSSF","ca","140","00",,,,"06","075",,,"025701",,,,,,,,,,,,,,".",".",,,,,,,,,,,,,"1400000US06075025701","Census Tract 257.01",,,"Census Tract 257.01, San Francisco County, California","06075025701","612500","0",,,5047
"ACSSF","ca","140","00",,,,"06","075",,,"025702",,,,,,,,,,,,,,".",".",,,,,,,,,,,,,"1400000US06075025702","Census Tract 257.02",,,"Census Tract 257.02, San Francisco County, California","06075025702","533458","0",,,4601
"ACSSF","ca","140","00",,,,"06","075",,,"025800",,,,,,,,,,,,,,".",".",,,,,,,,,,,,,"1400000US06075025800","Census Tract 258",,,"Census Tract 258, San Francisco County, California","06075025800","250923","0",,,1776
"ACSSF","ca","140","00",,,,"06","075",,,"025900",,,,,,,,,,,,,,".",".",,,,,,,,,,,,,"1400000US06075025900","Census Tract 259",,,"Census Tract 259, San Francisco County, California","06075025900","692401","81108",,,4134
"ACSSF","ca","140","00",,,,"06","075",,,"026001",,,,,,,,,,,,,,".",".",,,,,,,,,,,,,"1400000US06075026001","Census Tract 260.01",,,"Census Tract 260.01, San Francisco County, California","06075026001","407294","0",,,6010
"ACSSF","ca","140","00",,,,"06","075",,,"026002",,,,,,,,,,,,,,".",".",,,,,,,,,,,,,"1400000US06075026002","Census Tract 260.02",,,"Census Tract 260.02, San Francisco County, California","06075026002","357875","0",,,3731
"ACSSF","ca","140","00",,,,"06","075",,,"026003",,,,,,,,,,,,,,".",".",,,,,,,,,,,,,"1400000US06075026003","Census Tract 260.03",,,"Census Tract 260.03, San Francisco County, California","06075026003","407434","0",,,4873
"ACSSF","ca","140","00",,,,"06","075",,,"026004",,,,,,,,,,,,,,".",".",,,,,,,,,,,,,"1400000US06075026004","Census Tract 260.04",,,"Census Tract 260.04, San Francisco County, California","06075026004","336229","0",,,3924
"ACSSF","ca","140","00",,,,"06","075",,,"026100",,,,,,,,,,,,,,".",".",,,,,,,,,,,,,"1400000US06075026100","Census Tract 261",,,"Census Tract 261, San Francisco County, California","06075026100","751208","0",,,6601
"ACSSF","ca","140","00",,,,"06","075",,,"026201",,,,,,,,,,,,,,".",".",,,,,,,,,,,,,"1400000US06075026201","Census Tract 262.01",,,"Census Tract 262.01, San Francisco County, California","06075026201","437178","0",,,3928
"ACSSF","ca","140","00",,,,"06","075",,,"026202",,,,,,,,,,,,,,".",".",,,,,,,,,,,,,"1400000US06075026202","Census Tract 262.02",,,"Census Tract 262.02, San Francisco County, California","06075026202","337319","0",,,3664
"ACSSF","ca","140","00",,,,"06","075",,,"026301",,,,,,,,,,,,,,".",".",,,,,,,,,,,,,"1400000US06075026301","Census Tract 263.01",,,"Census Tract 263.01, San Francisco County, California","06075026301","367744","0",,,4955
"ACSSF","ca","140","00",,,,"06","075",,,"026302",,,,,,,,,,,,,,".",".",,,,,,,,,,,,,"1400000US06075026302","Census Tract 263.02",,,"Census Tract 263.02, San Francisco County, California","06075026302","750803","0",,,4707
"ACSSF","ca","140","00",,,,"06","075",,,"026303",,,,,,,,,,,,,,".",".",,,,,,,,,,,,,"1400000US06075026303","Census Tract 263.03",,,"Census Tract 263.03, San Francisco County, California","06075026303","427352","0",,,4425
"ACSSF","ca","140","00",,,,"06","075",,,"026401",,,,,,,,,,,,,,".",".",,,,,,,,,,,,,"1400000US06075026401","Census Tract 264.01",,,"Census Tract 264.01, San Francisco County, California","06075026401","341043","0",,,3470
"ACSSF","ca","140","00",,,,"06","075",,,"026402",,,,,,,,,,,,,,".",".",,,,,,,,,,,,,"1400000US06075026402","Census Tract 264.02",,,"Census Tract 264.02, San Francisco County, California","06075026402","398279","0",,,4654
"ACSSF","ca","140","00",,,,"06","075",,,"026403",,,,,,,,,,,,,,".",".",,,,,,,,,,,,,"1400000US06075026403","Census Tract 264.03",,,"Census Tract 264.03, San Francisco County, California","06075026403","379501","0",,,3453
"ACSSF","ca","140","00",,,,"06","075",,,"026404",,,,,,,,,,,,,,".",".",,,,,,,,,,,,,"1400000US06075026404","Census Tract 264.04",,,"Census Tract 264.04, San Francisco County, California","06075026404","189179","0",,,2404
"ACSSF","ca","140","00",,,,"06","075",,,"030101",,,,,,,,,,,,,,".",".",,,,,,,,,,,,,"1400000US06075030101","Census Tract 301.01",,,"Census Tract 301.01, San Francisco County, California","06075030101","349923","0",,,4588
"ACSSF","ca","140","00",,,,"06","075",,,"030102",,,,,,,,,,,,,,".",".",,,,,,,,,,,,,"1400000US06075030102","Census Tract 301.02",,,"Census Tract 301.02, San Francisco County, California","06075030102","1260212","14870",,,4808
"ACSSF","ca","140","00",,,,"06","075",,,"030201",,,,,,,,,,,,,,".",".",,,,,,,,,,,,,"1400000US06075030201","Census Tract 302.01",,,"Census Tract 302.01, San Francisco County, California","06075030201","360958","0",,,4120
"ACSSF","ca","140","00",,,,"06","075",,,"030202",,,,,,,,,,,,,,".",".",,,,,,,,,,,,,"1400000US06075030202","Census Tract 302.02",,,"Census Tract 302.02, San Francisco County, California","06075030202","356618","0",,,4017
"ACSSF","ca","140","00",,,,"06","075",,,"030301",,,,,,,,,,,,,,".",".",,,,,,,,,,,,,"1400000US06075030301","Census Tract 303.01",,,"Census Tract 303.01, San Francisco County, California","06075030301","753790","0",,,6509
"ACSSF","ca","140","00",,,,"06","075",,,"030302",,,,,,,,,,,,,,".",".",,,,,,,,,,,,,"1400000US06075030302","Census Tract 303.02",,,"Census Tract 303.02, San Francisco County, California","06075030302","597637","0",,,3492
"ACSSF","ca","140","00",,,,"06","075",,,"030400",,,,,,,,,,,,,,".",".",,,,,,,,,,,,,"1400000US06075030400","Census Tract 304",,,"Census Tract 304, San Francisco County, California","06075030400","972368","0",,,5120
"ACSSF","ca","140","00",,,,"06","075",,,"030500",,,,,,,,,,,,,,".",".",,,,,,,,,,,,,"1400000US06075030500","Census Tract 305",,,"Census Tract 305, San Francisco County, California","06075030500","1087784","35670",,,3778
"ACSSF","ca","140","00",,,,"06","075",,,"030600",,,,,,,,,,,,,,".",".",,,,,,,,,,,,,"1400000US06075030600","Census Tract 306",,,"Census Tract 306, San Francisco County, California","06075030600","521626","0",,,2356
"ACSSF","ca","140","00",,,,"06","075",,,"030700",,,,,,,,,,,,,,".",".",,,,,,,,,,,,,"1400000US06075030700","Census Tract 307",,,"Census Tract 307, San Francisco County, California","06075030700","1426986","9359",,,6600
"ACSSF","ca","140","00",,,,"06","075",,,"030800",,,,,,,,,,,,,,".",".",,,,,,,,,,,,,"1400000US06075030800","Census Tract 308",,,"Census Tract 308, San Francisco County, California","06075030800","1242912","0",,,5769
"ACSSF","ca","140","00",,,,"06","075",,,"030900",,,,,,,,,,,,,,".",".",,,,,,,,,,,,,"1400000US06075030900","Census Tract 309",,,"Census Tract 309, San Francisco County, California","06075030900","1881363","0",,,6425
"ACSSF","ca","140","00",,,,"06","075",,,"031000",,,,,,,,,,,,,,".",".",,,,,,,,,,,,,"1400000US06075031000","Census Tract 310",,,"Census Tract 310, San Francisco County, California","06075031000","818834","0",,,4336
"ACSSF","ca","140","00",,,,"06","075",,,"031100",,,,,,,,,,,,,,".",".",,,,,,,,,,,,,"1400000US06075031100","Census Tract 311",,,"Census Tract 311, San Francisco County, California","06075031100","1071960","0",,,6276
"ACSSF","ca","140","00",,,,"06","075",,,"031201",,,,,,,,,,,,,,".",".",,,,,,,,,,,,,"1400000US06075031201","Census Tract 312.01",,,"Census Tract 312.01, San Francisco County, California","06075031201","512854","0",,,5906
"ACSSF","ca","140","00",,,,"06","075",,,"031202",,,,,,,,,,,,,,".",".",,,,,,,,,,,,,"1400000US06075031202","Census Tract 312.02",,,"Census Tract 312.02, San Francisco County, California","06075031202","309420","0",,,2919
"ACSSF","ca","140","00",,,,"06","075",,,"031301",,,,,,,,,,,,,,".",".",,,,,,,,,,,,,"1400000US06075031301","Census Tract 313.01",,,"Census Tract 313.01, San Francisco County, California","06075031301","451592","0",,,3847
"ACSSF","ca","140","00",,,,"06","075",,,"031302",,,,,,,,,,,,,,".",".",,,,,,,,,,,,,"1400000US06075031302","Census Tract 313.02",,,"Census Tract 313.02, San Francisco County, California","06075031302","685810","0",,,4727
"ACSSF","ca","140","00",,,,"06","075",,,"031401",,,,,,,,,,,,,,".",".",,,,,,,,,,,,,"1400000US06075031401","Census Tract 314.01",,,"Census Tract 314.01, San Francisco County, California","06075031401","329171","0",,,2700
"ACSSF","ca","140","00",,,,"06","075",,,"031402",,,,,,,,,,,,,,".",".",,,,,,,,,,,,,"1400000US06075031402","Census Tract 314.02",,,"Census Tract 314.02, San Francisco County, California","06075031402","441372","0",,,4671
"ACSSF","ca","140","00",,,,"06","075",,,"032601",,,,,,,,,,,,,,".",".",,,,,,,,,,,,,"1400000US06075032601","Census Tract 326.01",,,"Census Tract 326.01, San Francisco County, California","06075032601","417682","0",,,4511
"ACSSF","ca","140","00",,,,"06","075",,,"032602",,,,,,,,,,,,,,".",".",,,,,,,,,,,,,"1400000US06075032602","Census Tract 326.02",,,"Census Tract 326.02, San Francisco County, California","06075032602","472116","0",,,4105
"ACSSF","ca","140","00",,,,"06","075",,,"032700",,,,,,,,,,,,,,".",".",,,,,,,,,,,,,"1400000US06075032700","Census Tract 327",,,"Census Tract 327, San Francisco County, California","06075032700","844707","0",,,6729
"ACSSF","ca","140","00",,,,"06","075",,,"032801",,,,,,,,,,,,,,".",".",,,,,,,,,,,,,"1400000US06075032801","Census Tract 328.01",,,"Census Tract 328.01, San Francisco County, California","06075032801","585365","0",,,3946
"ACSSF","ca","140","00",,,,"06","075",,,"032802",,,,,,,,,,,,,,".",".",,,,,,,,,,,,,"1400000US06075032802","Census Tract 328.02",,,"Census Tract 328.02, San Francisco County, California","06075032802","548900","97204",,,4185
"ACSSF","ca","140","00",,,,"06","075",,,"032901",,,,,,,,,,,,,,".",".",,,,,,,,,,,,,"1400000US06075032901","Census Tract 329.01",,,"Census Tract 329.01, San Francisco County, California","06075032901","671900","0",,,5071
"ACSSF","ca","140","00",,,,"06","075",,,"032902",,,,,,,,,,,,,,".",".",,,,,,,,,,,,,"1400000US06075032902","Census Tract 329.02",,,"Census Tract 329.02, San Francisco County, California","06075032902","504600","0",,,3797
"ACSSF","ca","140","00",,,,"06","075",,,"033001",,,,,,,,,,,,,,".",".",,,,,,,,,,,,,"1400000US06075033001","Census Tract 330.01",,,"Census Tract 330.01, San Francisco County, California","06075033001","575942","0",,,3858
"ACSSF","ca","140","00",,,,"06","075",,,"033002",,,,,,,,,,,,,,".",".",,,,,,,,,,,,,"1400000US06075033002","Census Tract 330.02",,,"Census Tract 330.02, San Francisco County, California","06075033002","931475","8871",,,3940
"ACSSF","ca","140","00",,,,"06","075",,,"033100",,,,,,,,,,,,,,".",".",,,,,,,,,,,,,"1400000US06075033100","Census Tract 331",,,"Census Tract 331, San Francisco County, California","06075033100","892075","0",,,3866
"ACSSF","ca","140","00",,,,"06","075",,,"033201",,,,,,,,,,,,,,".",".",,,,,,,,,,,,,"1400000US06075033201","Census Tract 332.01",,,"Census Tract 332.01, San Francisco County, California","06075033201","933928","0",,,3535
"ACSSF","ca","140","00",,,,"06","075",,,"033203",,,,,,,,,,,,,,".",".",,,,,,,,,,,,,"1400000US06075033203","Census Tract 332.03",,,"Census Tract 332.03, San Francisco County, California","06075033203","436409","0",,,3339
"ACSSF","ca","140","00",,,,"06","075",,,"033204",,,,,,,,,,,,,,".",".",,,,,,,,,,,,,"1400000US06075033204","Census Tract 332.04",,,"Census Tract 332.04, San Francisco County, California","06075033204","387903","0",,,3327
"ACSSF","ca","140","00",,,,"06","075",,,"035101",,,,,,,,,,,,,,".",".",,,,,,,,,,,,,"1400000US06075035101","Census Tract 351.01",,,"Census Tract 351.01, San Francisco County, California","06075035101","382398","0",,,3848
"ACSSF","ca","140","00",,,,"06","075",,,"035102",,,,,,,,,,,,,,".",".",,,,,,,,,,,,,"1400000US06075035102","Census Tract 351.02",,,"Census Tract 351.02, San Francisco County, California","06075035102","543295","0",,,3828
"ACSSF","ca","140","00",,,,"06","075",,,"035201",,,,,,,,,,,,,,".",".",,,,,,,,,,,,,"1400000US06075035201","Census Tract 352.01",,,"Census Tract 352.01, San Francisco County, California","06075035201","939755","630051",,,5136
"ACSSF","ca","140","00",,,,"06","075",,,"035202",,,,,,,,,,,,,,".",".",,,,,,,,,,,,,"1400000US06075035202","Census Tract 352.02",,,"Census Tract 352.02, San Francisco County, California","06075035202","372758","0",,,4559
"ACSSF","ca","140","00",,,,"06","075",,,"035300",,,,,,,,,,,,,,".",".",,,,,,,,,,,,,"1400000US06075035300","Census Tract 353",,,"Census Tract 353, San Francisco County, California","06075035300","1122296","0",,,6922
"ACSSF","ca","140","00",,,,"06","075",,,"035400",,,,,,,,,,,,,,".",".",,,,,,,,,,,,,"1400000US06075035400","Census Tract 354",,,"Census Tract 354, San Francisco County, California","06075035400","1030801","557642",,,7154
"ACSSF","ca","140","00",,,,"06","075",,,"040100",,,,,,,,,,,,,,".",".",,,,,,,,,,,,,"1400000US06075040100","Census Tract 401",,,"Census Tract 401, San Francisco County, California","06075040100","419128","0",,,4277
"ACSSF","ca","140","00",,,,"06","075",,,"040200",,,,,,,,,,,,,,".",".",,,,,,,,,,,,,"1400000US06075040200","Census Tract 402",,,"Census Tract 402, San Francisco County, California","06075040200","531470","0",,,4903
"ACSSF","ca","140","00",,,,"06","075",,,"042601",,,,,,,,,,,,,,".",".",,,,,,,,,,,,,"1400000US06075042601","Census Tract 426.01",,,"Census Tract 426.01, San Francisco County, California","06075042601","293133","0",,,3999
"ACSSF","ca","140","00",,,,"06","075",,,"042602",,,,,,,,,,,,,,".",".",,,,,,,,,,,,,"1400000US06075042602","Census Tract 426.02",,,"Census Tract 426.02, San Francisco County, California","06075042602","332057","0",,,3060
"ACSSF","ca","140","00",,,,"06","075",,,"042700",,,,,,,,,,,,,,".",".",,,,,,,,,,,,,"1400000US06075042700","Census Tract 427",,,"Census Tract 427, San Francisco County, California","06075042700","409396","0",,,5365
"ACSSF","ca","140","00",,,,"06","075",,,"042800",,,,,,,,,,,,,,".",".",,,,,,,,,,,,,"1400000US06075042800","Census Tract 428",,,"Census Tract 428, San Francisco County, California","06075042800","566490","318183",,,2419
"ACSSF","ca","140","00",,,,"06","075",,,"045100",,,,,,,,,,,,,,".",".",,,,,,,,,,,,,"1400000US06075045100","Census Tract 451",,,"Census Tract 451, San Francisco County, California","06075045100","384459","0",,,4664
"ACSSF","ca","140","00",,,,"06","075",,,"045201",,,,,,,,,,,,,,".",".",,,,,,,,,,,,,"1400000US06075045201","Census Tract 452.01",,,"Census Tract 452.01, San Francisco County, California","06075045201","353928","0",,,3113
"ACSSF","ca","140","00",,,,"06","075",,,"045202",,,,,,,,,,,,,,".",".",,,,,,,,,,,,,"1400000US06075045202","Census Tract 452.02",,,"Census Tract 452.02, San Francisco County, California","06075045202","238296","0",,,3304
"ACSSF","ca","140","00",,,,"06","075",,,"047600",,,,,,,,,,,,,,".",".",,,,,,,,,,,,,"1400000US06075047600","Census Tract 476",,,"Census Tract 476, San Francisco County, California","06075047600","531173","0",,,5208
"ACSSF","ca","140","00",,,,"06","075",,,"047701",,,,,,,,,,,,,,".",".",,,,,,,,,,,,,"1400000US06075047701","Census Tract 477.01",,,"Census Tract 477.01, San Francisco County, California","06075047701","364728","0",,,4742
"ACSSF","ca","140","00",,,,"06","075",,,"047702",,,,,,,,,,,,,,".",".",,,,,,,,,,,,,"1400000US06075047702","Census Tract 477.02",,,"Census Tract 477.02, San Francisco County, California","06075047702","352786","0",,,3441
"ACSSF","ca","140","00",,,,"06","075",,,"047801",,,,,,,,,,,,,,".",".",,,,,,,,,,,,,"1400000US06075047801","Census Tract 478.01",,,"Census Tract 478.01, San Francisco County, California","06075047801","476606","0",,,4227
"ACSSF","ca","140","00",,,,"06","075",,,"047802",,,,,,,,,,,,,,".",".",,,,,,,,,,,,,"1400000US06075047802","Census Tract 478.02",,,"Census Tract 478.02, San Francisco County, California","06075047802","339447","0",,,3897
"ACSSF","ca","140","00",,,,"06","075",,,"047902",,,,,,,,,,,,,,".",".",,,,,,,,,,,,,"1400000US06075047902","Census Tract 479.02",,,"Census Tract 479.02, San Francisco County, California","06075047902","410921","0",,,3327
"ACSSF","ca","140","00",,,,"06","075",,,"047903",,,,,,,,,,,,,,".",".",,,,,,,,,,,,,"1400000US06075047903","Census Tract 479.03",,,"Census Tract 479.03, San Francisco County, California","06075047903","392133","0",,,3608
"ACSSF","ca","140","00",,,,"06","075",,,"047904",,,,,,,,,,,,,,".",".",,,,,,,,,,,,,"1400000US06075047904","Census Tract 479.04",,,"Census Tract 479.04, San Francisco County, California","06075047904","774489","4096057",,,3175
"ACSSF","ca","140","00",,,,"06","075",,,"060100",,,,,,,,,,,,,,".",".",,,,,,,,,,,,,"1400000US06075060100","Census Tract 601",,,"Census Tract 601, San Francisco County, California","06075060100","6126570","20328116",,,3808
"ACSSF","ca","140","00",,,,"06","075",,,"060400",,,,,,,,,,,,,,".",".",,,,,,,,,,,,,"1400000US06075060400","Census Tract 604",,,"Census Tract 604, San Francisco County, California","06075060400","4424675","2420402",,,1818
"ACSSF","ca","140","00",,,,"06","075",,,"060502",,,,,,,,,,,,,,".",".",,,,,,,,,,,,,"1400000US06075060502","Census Tract 605.02",,,"Census Tract 605.02, San Francisco County, California","06075060502","348832","0",,,3087
"ACSSF","ca","140","00",,,,"06","075",,,"060701",,,,,,,,,,,,,,".",".",,,,,,,,,,,,,"1400000US06075060701","Census Tract 607.01",,,"Census Tract 607.01, San Francisco County, California","06075060701","1166810","869383",,,8415
"ACSSF","ca","140","00",,,,"06","075",,,"060702",,,,,,,,,,,,,,".",".",,,,,,,,,,,,,"1400000US06075060702","Census Tract 607.02",,,"Census Tract 607.02, San Francisco County, California","06075060702","544134","4369",,,2359
"ACSSF","ca","140","00",,,,"06","075",,,"060703",,,,,,,,,,,,,,".",".",,,,,,,,,,,,,"1400000US06075060703","Census Tract 607.03",,,"Census Tract 607.03, San Francisco County, California","06075060703","308511","38184",,,5936
"ACSSF","ca","140","00",,,,"06","075",,,"061000",,,,,,,,,,,,,,".",".",,,,,,,,,,,,,"1400000US06075061000","Census Tract 610",,,"Census Tract 610, San Francisco County, California","06075061000","2176182","865060",,,4558
"ACSSF","ca","140","00",,,,"06","075",,,"061101",,,,,,,,,,,,,,".",".",,,,,,,,,,,,,"1400000US06075061101","Census Tract 611.01",,,"Census Tract 611.01, San Francisco County, California","06075061101","197478","0",,,1814
"ACSSF","ca","140","00",,,,"06","075",,,"061102",,,,,,,,,,,,,,".",".",,,,,,,,,,,,,"1400000US06075061102","Census Tract 611.02",,,"Census Tract 611.02, San Francisco County, California","06075061102","42382","0",,,2017
"ACSSF","ca","140","00",,,,"06","075",,,"061200",,,,,,,,,,,,,,".",".",,,,,,,,,,,,,"1400000US06075061200","Census Tract 612",,,"Census Tract 612, San Francisco County, California","06075061200","434957","0",,,4163
"ACSSF","ca","140","00",,,,"06","075",,,"061401",,,,,,,,,,,,,,".",".",,,,,,,,,,,,,"1400000US06075061401","Census Tract 614.01",,,"Census Tract 614.01, San Francisco County, California","06075061401","413811","0",,,2900
"ACSSF","ca","140","00",,,,"06","075",,,"061402",,,,,,,,,,,,,,".",".",,,,,,,,,,,,,"1400000US06075061402","Census Tract 614.02",,,"Census Tract 614.02, San Francisco County, California","06075061402","393751","0",,,2354
"ACSSF","ca","140","00",,,,"06","075",,,"061501",,,,,,,,,,,,,,".",".",,,,,,,,,,,,,"1400000US06075061501","Census Tract 615.01",,,"Census Tract 615.01, San Francisco County, California","06075061501","416352","0",,,1807
"ACSSF","ca","140","00",,,,"06","075",,,"061502",,,,,,,,,,,,,,".",".",,,,,,,,,,,,,"1400000US06075061502","Census Tract 615.02",,,"Census Tract 615.02, San Francisco County, California","06075061502","215314","0",,,2195
"ACSSF","ca","140","00",,,,"06","075",,,"061503",,,,,,,,,,,,,,".",".",,,,,,,,,,,,,"1400000US06075061503","Census Tract 615.03",,,"Census Tract 615.03, San Francisco County, California","06075061503","234864","0",,,3612
"ACSSF","ca","140","00",,,,"06","075",,,"061504",,,,,,,,,,,,,,".",".",,,,,,,,,,,,,"1400000US06075061504","Census Tract 615.04",,,"Census Tract 615.04, San Francisco County, California","06075061504","95344","0",,,2133
"ACSSF","ca","140","00",,,,"06","075",,,"061505",,,,,,,,,,,,,,".",".",,,,,,,,,,,,,"1400000US06075061505","Census Tract 615.05",,,"Census Tract 615.05, San Francisco County, California","06075061505","21283","0",,,1162
"ACSSF","ca","140","00",,,,"06","075",,,"061506",,,,,,,,,,,,,,".",".",,,,,,,,,,,,,"1400000US06075061506","Census Tract 615.06",,,"Census Tract 615.06, San Francisco County, California","06075061506","112895","0",,,4918
"ACSSF","ca","140","00",,,,"06","075",,,"061507",,,,,,,,,,,,,,".",".",,,,,,,,,,,,,"1400000US06075061507","Census Tract 615.07",,,"Census Tract 615.07, San Francisco County, California","06075061507","336431","299328",,,1550
"ACSSF","ca","140","00",,,,"06","075",,,"061508",,,,,,,,,,,,,,".",".",,,,,,,,,,,,,"1400000US06075061508","Census Tract 615.08",,,"Census Tract 615.08, San Francisco County, California","06075061508","214282","165959",,,2018
"ACSSF","ca","140","00",,,,"06","075",,,"980200",,,,,,,,,,,,,,".",".",,,,,,,,,,,,,"1400000US06075980200","Census Tract 9802",,,"Census Tract 9802, San Francisco County, California","06075980200","998273","763677",,,179
"ACSSF","ca","140","00",,,,"06","075",,,"980300",,,,,,,,,,,,,,".",".",,,,,,,,,,,,,"1400000US06075980300","Census Tract 9803",,,"Census Tract 9803, San Francisco County, California","06075980300","4337505","409466",,,49
"ACSSF","ca","140","00",,,,"06","075",,,"980401",,,,,,,,,,,,,,".",".",,,,,,,,,,,,,"1400000US06075980401","Census Tract 9804.01",,,"Census Tract 9804.01, San Francisco County, California","06075980401","419323","247501289",,,0
"ACSSF","ca","140","00",,,,"06","075",,,"980501",,,,,,,,,,,,,,".",".",,,,,,,,,,,,,"1400000US06075980501","Census Tract 9805.01",,,"Census Tract 9805.01, San Francisco County, California","06075980501","1471536","9769",,,155
"ACSSF","ca","140","00",,,,"06","075",,,"980600",,,,,,,,,,,,,,".",".",,,,,,,,,,,,,"1400000US06075980600","Census Tract 9806",,,"Census Tract 9806, San Francisco County, California","06075980600","2069958","2078453",,,1290
"ACSSF","ca","140","00",,,,"06","075",,,"980900",,,,,,,,,,,,,,".",".",,,,,,,,,,,,,"1400000US06075980900","Census Tract 9809",,,"Census Tract 9809, San Francisco County, California","06075980900","3602295","258160",,,322
"ACSSF","ca","140","00",,,,"06","075",,,"990100",,,,,,,,,,,,,,".",".",,,,,,,,,,,,,"1400000US06075990100","Census Tract 9901",,,"Census Tract 9901, San Francisco County, California","06075990100",,,,,0
"ACSSF","ca","140","00",,,,"06","075",,,"990200",,,,,,,,,,,,,,".",".",,,,,,,,,,,,,"1400000US06075990200","Census Tract 9902",,,"Census Tract 9902, San Francisco County, California","06075990200","0","121097323",,,0
